reaction,gene,flux
rxn00423_c0,ACIAD_RS08130,0.01673996373491477
rxn00423_c0,ACIAD_RS09595,0.01673996373491477
rxn00423_c0,ACIAD_RS07265,0.01673996373491477
rxn00364_c0,ACIAD_RS10735,0.11621274624380278
rxn03408_c0,ACIAD_RS15905,0.006721450147614108
rxn00935_c0,ACIAD_RS04640,-1.165009629144213
rxn01673_c0,ACIAD_RS02530,0.001317034185699687
rxn05625_c0,ACIAD_RS08805,-0.00803139883429555
rxn04070_c0,ACIAD_RS11715,0.0003352503271466298
rxn00199_c0,ACIAD_RS05470,0.25499481207346436
rxn00199_c0,ACIAD_RS05455,0.25499481207346436
rxn00800_c0,ACIAD_RS05610,0.0423777271729213
rxn10336_c0,ACIAD_RS13555,0.005196971618325039
rxn10336_c0,ACIAD_RS08660,0.005196971618325039
rxn02320_c0,ACIAD_RS03070,-0.016029329309277147
rxn02504_c0,ACIAD_RS11010,0.0010057509814398893
rxn05334_c0,ACIAD_RS06370,0.07518302368467121
rxn05040_c0,ACIAD_RS16150,0.0013410013085865193
rxn05040_c0,ACIAD_RS13150,0.0013410013085865193
rxn01636_c0,ACIAD_RS02970,0.05055953681912213
rxn02988_c0,ACIAD_RS02975,-0.0006705006542932582
rxn01117_c0,ACIAD_RS06840,-0.013442900295228329
rxn00710_c0,ACIAD_RS10700,0.03599085332143068
rxn02305_c0,ACIAD_RS05520,0.00033525032714662987
rxn00470_c0,ACIAD_RS15115,0.0006705006542932595
rxn00470_c0,ACIAD_RS12535,0.0006705006542932595
rxn00910_c0,ACIAD_RS10450,-0.08164832423951161
rxn00910_c0,ACIAD_RS08225,-0.08164832423951161
rxn01297_c0,ACIAD_RS11280,0.0020115019628797774
rxn01297_c0,ACIAD_RS11275,0.0020115019628797774
rxn03181_c0,ACIAD_RS10810,0.006721450147614164
rxn02331_c0,ACIAD_RS09215,-0.013442900295228329
rxn00337_c0,ACIAD_RS05765,0.23566517127133307
rxn05346_c0,ACIAD_RS04060,0.07518302368467121
rxn05346_c0,ACIAD_RS02645,0.07518302368467121
rxn05346_c0,ACIAD_RS02660,0.07518302368467121
rxn05346_c0,ACIAD_RS09640,0.07518302368467121
rxn05346_c0,ACIAD_RS02575,0.07518302368467121
rxn05733_c0,ACIAD_RS07655,0.016739963734914775
rxn02376_c0,ACIAD_RS12985,0.06980905137772785
rxn12512_c0,ACIAD_RS14115,0.0006705006542934672
rxn00902_c0,ACIAD_RS02405,-0.07591418318944176
rxn01739_c0,ACIAD_RS15170,0.06754469846933346
rxn01974_c0,ACIAD_RS12090,0.06444504614338181
rxn00060_c0,ACIAD_RS01340,0.0006705006542932595
rxn00225_c0,ACIAD_RS02460,0.10948443597962837
rxn05350_c0,ACIAD_RS04060,0.07518302368467121
rxn05350_c0,ACIAD_RS02645,0.07518302368467121
rxn05350_c0,ACIAD_RS02660,0.07518302368467121
rxn05350_c0,ACIAD_RS09640,0.07518302368467121
rxn05350_c0,ACIAD_RS02575,0.07518302368467121
rxn00100_c0,ACIAD_RS01670,0.0006705006542934672
rxn00789_c0,ACIAD_RS03060,-0.01602932930927715
rxn00789_c0,ACIAD_RS05780,-0.01602932930927715
rxn03436_c0,ACIAD_RS14005,0.04889845963448028
rxn00781_c0,ACIAD_RS05775,-0.4673045301239183
rxn08336_c0,ACIAD_RS06070,0.03599085332143067
rxn02264_c0,ACIAD_RS01345,0.0006705006542932594
rxn09202_c0,ACIAD_RS16105,0.005196971618325038
rxn00097_c0,ACIAD_RS05075,0.2824429818102893
rxn00097_c0,ACIAD_RS13490,0.2824429818102893
rxn02212_c0,ACIAD_RS15165,0.06754469846933348
rxn00250_c0,ACIAD_RS12725,-0.6995934157263876
rxn05324_c0,ACIAD_RS14075,-0.07518302368467122
rxn10481_c0,ACIAD_RS10970,0.00033525032714662987
rxn00692_c0,ACIAD_RS10325,-0.20294716789803968
rxn00802_c0,ACIAD_RS01325,0.04988903616482887
rxn03958_c0,ACIAD_RS06345,-0.08198195947527429
rxn01362_c0,ACIAD_RS15940,-0.03599085332143068
rxn05329_c0,ACIAD_RS06370,0.07518302368467121
rxn00549_c0,ACIAD_RS11935,0.1367392884732728
rxn08766_c0,ACIAD_RS09640,0.07518302368467121
rxn05461_c0,ACIAD_RS04020,0.04157577294660038
rxn02159_c0,ACIAD_RS03065,0.016029329309277147
rxn00269_c0,ACIAD_RS04260,0.04065303421450865
rxn05466_c0,ACIAD_RS13360,1.7358356480928292
rxn05466_c0,ACIAD_RS01155,1.7358356480928292
rxn05466_c0,ACIAD_RS11505,1.7358356480928292
rxn00917_c0,ACIAD_RS14605,0.028812720326024367
rxn00917_c0,ACIAD_RS00705,0.028812720326024367
rxn00917_c0,ACIAD_RS09300,0.028812720326024367
rxn00300_c0,ACIAD_RS16150,0.0006705006542932595
rxn00300_c0,ACIAD_RS14735,0.0006705006542932595
rxn05335_c0,ACIAD_RS06370,0.04157577294660037
rxn06078_c0,ACIAD_RS10585,0.03144842927085853
rxn06078_c0,ACIAD_RS15305,0.03144842927085853
rxn05595_c0,ACIAD_RS15445,0.0006705006542932597
rxn05348_c0,ACIAD_RS04060,0.07518302368467122
rxn05348_c0,ACIAD_RS02645,0.07518302368467122
rxn05348_c0,ACIAD_RS09640,0.07518302368467122
rxn05348_c0,ACIAD_RS02575,0.07518302368467122
rxn00907_c0,ACIAD_RS11600,0.11931130881853495
rxn00907_c0,ACIAD_RS12840,0.11931130881853495
rxn02404_c0,ACIAD_RS06845,0.01344290029522833
rxn09188_c0,ACIAD_RS07555,-0.8269885311309374
rxn08822_c0,ACIAD_RS14195,-0.020787886473300148
rxn08822_c0,ACIAD_RS09285,-0.020787886473300148
rxn08822_c0,ACIAD_RS08945,-0.020787886473300148
rxn08822_c0,ACIAD_RS10330,-0.020787886473300148
rxn05030_c0,ACIAD_RS06335,0.006721450147614108
rxn05345_c0,ACIAD_RS04060,0.06846157353705702
rxn05345_c0,ACIAD_RS02645,0.06846157353705702
rxn05345_c0,ACIAD_RS09640,0.06846157353705702
rxn05345_c0,ACIAD_RS02575,0.06846157353705702
rxn00336_c0,ACIAD_RS04985,2.028443057769416
rxn01465_c0,ACIAD_RS06555,-0.03599085332143068
rxn01465_c0,ACIAD_RS05295,-0.03599085332143068
rxn01465_c0,ACIAD_RS05850,-0.03599085332143068
rxn01872_c0,ACIAD_RS12980,-0.06980905137772785
rxn01301_c0,ACIAD_RS01245,-0.1712201251279513
rxn01643_c0,ACIAD_RS02180,-0.23566517127133307
rxn00248_c0,ACIAD_RS14285,3.784635681485909
rxn00499_c0,ACIAD_RS00505,-0.0843296877601033
rxn01637_c0,ACIAD_RS05665,-0.05055953681912214
rxn01637_c0,ACIAD_RS05905,-0.05055953681912214
rxn00392_c0,ACIAD_RS00125,0.0003352503271466297
rxn00747_c0,ACIAD_RS01690,0.16859161883751625
rxn00029_c0,ACIAD_RS04265,0.0026820026171730377
rxn09128_c0,ACIAD_RS06240,-0.02078788647330015
rxn02175_c0,ACIAD_RS13050,0.0006705006542934672
rxn02835_c0,ACIAD_RS01775,0.01602932930927715
rxn02774_c0,ACIAD_RS13245,0.0003352503271466298
rxn01575_c0,ACIAD_RS02725,-0.04889845963448028
rxn00555_c0,ACIAD_RS16180,0.026885800590456543
rxn03435_c0,ACIAD_RS14005,-0.04889845963448028
rxn03080_c0,ACIAD_RS16155,0.001341001308586519
rxn00737_c0,ACIAD_RS06255,0.049233709961626904
rxn01256_c0,ACIAD_RS10185,0.05598764085036729
rxn00777_c0,ACIAD_RS06260,-0.09506958627900139
rxn01740_c0,ACIAD_RS01935,-0.06754469846933346
rxn05327_c0,ACIAD_RS14075,-0.07518302368467122
rxn08353_c0,ACIAD_RS00225,0.0003352503271466298
rxn00251_c0,ACIAD_RS16400,0.8257343599189584
rxn00790_c0,ACIAD_RS06080,-0.05348486655393536
rxn03910_c0,ACIAD_RS09185,0.08198195947527429
rxn00237_c0,ACIAD_RS02530,0.07020866364039262
rxn08311_c0,ACIAD_RS06340,0.020787886473300154
rxn08311_c0,ACIAD_RS07665,0.020787886473300154
rxn03175_c0,ACIAD_RS15385,0.016029329309277147
rxn05336_c0,ACIAD_RS04020,-0.04157577294660036
rxn05336_c0,ACIAD_RS02655,-0.04157577294660036
rxn09210_c0,ACIAD_RS14260,0.005196971618325039
rxn00126_c0,ACIAD_RS09370,0.002346752290026407
rxn05340_c0,ACIAD_RS04020,-0.07518302368467121
rxn00299_c0,ACIAD_RS08020,0.0010057509814398891
rxn00299_c0,ACIAD_RS11285,0.0010057509814398891
rxn03159_c0,ACIAD_RS10630,0.006721450147614165
rxn01000_c0,ACIAD_RS10185,0.03124818691190545
rxn01300_c0,ACIAD_RS06735,0.09191855317846608
rxn01300_c0,ACIAD_RS03855,0.09191855317846608
rxn01300_c0,ACIAD_RS15410,0.09191855317846608
rxn00786_c0,ACIAD_RS08865,-0.13673928847327277
rxn03908_c0,ACIAD_RS13100,0.08198195947527429
rxn01100_c0,ACIAD_RS08875,0.46730453012391826
rxn00838_c0,ACIAD_RS05785,0.0423777271729213
rxn00102_c0,ACIAD_RS15315,0.03303567215972549
rxn00102_c0,ACIAD_RS04865,0.03303567215972549
rxn01255_c0,ACIAD_RS09340,0.06754469846933345
rxn05296_c0,ACIAD_RS14525,0.11401712153615254
rxn05296_c0,ACIAD_RS14485,0.11401712153615254
rxn05296_c0,ACIAD_RS13745,0.11401712153615254
rxn05296_c0,ACIAD_RS00765,0.11401712153615254
rxn05296_c0,ACIAD_RS01455,0.11401712153615254
rxn05296_c0,ACIAD_RS14490,0.11401712153615254
rxn05296_c0,ACIAD_RS06410,0.11401712153615254
rxn05296_c0,ACIAD_RS03805,0.11401712153615254
rxn05296_c0,ACIAD_RS14505,0.11401712153615254
rxn05296_c0,ACIAD_RS13770,0.11401712153615254
rxn05296_c0,ACIAD_RS13265,0.11401712153615254
rxn05296_c0,ACIAD_RS14530,0.11401712153615254
rxn05296_c0,ACIAD_RS00055,0.11401712153615254
rxn05296_c0,ACIAD_RS04075,0.11401712153615254
rxn05296_c0,ACIAD_RS02280,0.11401712153615254
rxn05296_c0,ACIAD_RS14595,0.11401712153615254
rxn05296_c0,ACIAD_RS14815,0.11401712153615254
rxn05296_c0,ACIAD_RS15250,0.11401712153615254
rxn05296_c0,ACIAD_RS13325,0.11401712153615254
rxn05296_c0,ACIAD_RS02275,0.11401712153615254
rxn05296_c0,ACIAD_RS14465,0.11401712153615254
rxn05296_c0,ACIAD_RS01445,0.11401712153615254
rxn05296_c0,ACIAD_RS06115,0.11401712153615254
rxn05296_c0,ACIAD_RS14540,0.11401712153615254
rxn05296_c0,ACIAD_RS14580,0.11401712153615254
rxn05296_c0,ACIAD_RS14500,0.11401712153615254
rxn05296_c0,ACIAD_RS11120,0.11401712153615254
rxn05296_c0,ACIAD_RS13250,0.11401712153615254
rxn05296_c0,ACIAD_RS06835,0.11401712153615254
rxn05296_c0,ACIAD_RS14570,0.11401712153615254
rxn05296_c0,ACIAD_RS03520,0.11401712153615254
rxn05296_c0,ACIAD_RS16655,0.11401712153615254
rxn05296_c0,ACIAD_RS14515,0.11401712153615254
rxn05296_c0,ACIAD_RS03815,0.11401712153615254
rxn05296_c0,ACIAD_RS02785,0.11401712153615254
rxn05296_c0,ACIAD_RS14480,0.11401712153615254
rxn05296_c0,ACIAD_RS13595,0.11401712153615254
rxn05296_c0,ACIAD_RS10130,0.11401712153615254
rxn05296_c0,ACIAD_RS14475,0.11401712153615254
rxn05296_c0,ACIAD_RS14550,0.11401712153615254
rxn05296_c0,ACIAD_RS13600,0.11401712153615254
rxn05296_c0,ACIAD_RS04070,0.11401712153615254
rxn05296_c0,ACIAD_RS14025,0.11401712153615254
rxn05296_c0,ACIAD_RS10395,0.11401712153615254
rxn05296_c0,ACIAD_RS01440,0.11401712153615254
rxn05296_c0,ACIAD_RS14810,0.11401712153615254
rxn05296_c0,ACIAD_RS01965,0.11401712153615254
rxn05296_c0,ACIAD_RS05770,0.11401712153615254
rxn05296_c0,ACIAD_RS14520,0.11401712153615254
rxn05296_c0,ACIAD_RS01450,0.11401712153615254
rxn05296_c0,ACIAD_RS13710,0.11401712153615254
rxn05296_c0,ACIAD_RS16435,0.11401712153615254
rxn05296_c0,ACIAD_RS14600,0.11401712153615254
rxn05296_c0,ACIAD_RS03810,0.11401712153615254
rxn05296_c0,ACIAD_RS14555,0.11401712153615254
rxn05296_c0,ACIAD_RS13270,0.11401712153615254
rxn05296_c0,ACIAD_RS13750,0.11401712153615254
rxn05296_c0,ACIAD_RS02555,0.11401712153615254
rxn05296_c0,ACIAD_RS14980,0.11401712153615254
rxn05296_c0,ACIAD_RS14585,0.11401712153615254
rxn05296_c0,ACIAD_RS12960,0.11401712153615254
rxn05296_c0,ACIAD_RS11110,0.11401712153615254
rxn05296_c0,ACIAD_RS14535,0.11401712153615254
rxn05296_c0,ACIAD_RS11115,0.11401712153615254
rxn05296_c0,ACIAD_RS14560,0.11401712153615254
rxn05296_c0,ACIAD_RS13810,0.11401712153615254
rxn05296_c0,ACIAD_RS14545,0.11401712153615254
rxn05296_c0,ACIAD_RS01860,0.11401712153615254
rxn05296_c0,ACIAD_RS14575,0.11401712153615254
rxn05296_c0,ACIAD_RS13775,0.11401712153615254
rxn05296_c0,ACIAD_RS04925,0.11401712153615254
rxn05296_c0,ACIAD_RS13135,0.11401712153615254
rxn05296_c0,ACIAD_RS14590,0.11401712153615254
rxn05296_c0,ACIAD_RS00120,0.11401712153615254
rxn05296_c0,ACIAD_RS14510,0.11401712153615254
rxn05296_c0,ACIAD_RS14995,0.11401712153615254
rxn05296_c0,ACIAD_RS14565,0.11401712153615254
rxn05296_c0,ACIAD_RS04010,0.11401712153615254
rxn01211_c0,ACIAD_RS11600,0.0695141958632125
rxn01211_c0,ACIAD_RS12840,0.0695141958632125
rxn05322_c0,ACIAD_RS14075,-0.0751830236846712
rxn00966_c0,ACIAD_RS11225,-0.0003352503271466298
rxn01917_c0,ACIAD_RS04170,0.050559536819122126
rxn08527_c0,ACIAD_RS12990,0.0363261036485773
rxn08527_c0,ACIAD_RS13000,0.0363261036485773
rxn08527_c0,ACIAD_RS13005,0.0363261036485773
rxn08527_c0,ACIAD_RS12995,0.0363261036485773
rxn02011_c0,ACIAD_RS15220,0.006721450147614109
rxn00173_c0,ACIAD_RS02455,-0.10948443597962837
rxn08528_c0,ACIAD_RS12990,0.00033525032714662976
rxn08528_c0,ACIAD_RS13000,0.00033525032714662976
rxn08528_c0,ACIAD_RS13005,0.00033525032714662976
rxn08528_c0,ACIAD_RS12995,0.00033525032714662976
rxn09176_c0,ACIAD_RS04895,-0.5656056116196625
rxn09176_c0,ACIAD_RS08220,-0.5656056116196625
rxn10122_c0,ACIAD_RS03350,7.923398019177624
rxn10122_c0,ACIAD_RS03340,7.923398019177624
rxn10122_c0,ACIAD_RS03385,7.923398019177624
rxn10122_c0,ACIAD_RS03360,7.923398019177624
rxn10122_c0,ACIAD_RS03365,7.923398019177624
rxn10122_c0,ACIAD_RS03355,7.923398019177624
rxn10122_c0,ACIAD_RS03370,7.923398019177624
rxn10122_c0,ACIAD_RS03380,7.923398019177624
rxn10122_c0,ACIAD_RS03345,7.923398019177624
rxn10122_c0,ACIAD_RS03390,7.923398019177624
rxn10122_c0,ACIAD_RS03400,7.923398019177624
rxn10122_c0,ACIAD_RS03375,7.923398019177624
rxn10122_c0,ACIAD_RS03395,7.923398019177624
rxn08352_c0,ACIAD_RS15035,0.007727201129053995
rxn09106_c0,ACIAD_RS16170,0.015590914854975116
rxn00772_c0,ACIAD_RS10935,0.0020115019628797774
rxn00772_c0,ACIAD_RS06230,0.0020115019628797774
rxn05338_c0,ACIAD_RS04020,-0.07518302368467121
rxn05338_c0,ACIAD_RS02655,-0.07518302368467121
rxn03135_c0,ACIAD_RS15375,-0.016029329309277147
rxn03135_c0,ACIAD_RS15415,-0.016029329309277147
rxn05337_c0,ACIAD_RS04020,-0.0751830236846712
rxn05337_c0,ACIAD_RS02655,-0.0751830236846712
rxn03147_c0,ACIAD_RS16230,0.05314961622678873
rxn03843_c0,ACIAD_RS06335,0.006721450147614107
rxn01116_c0,ACIAD_RS03155,-0.10985348788281626
rxn02811_c0,ACIAD_RS02125,-0.07591418318944178
rxn02811_c0,ACIAD_RS02135,-0.07591418318944178
rxn03062_c0,ACIAD_RS02145,0.07591418318944176
rxn01544_c0,ACIAD_RS14330,-0.0020115019628797774
rxn00863_c0,ACIAD_RS03065,0.016029329309277147
rxn09113_c0,ACIAD_RS01600,0.015590914854975116
rxn01270_c0,ACIAD_RS00525,-0.024739453938461838
rxn02402_c0,ACIAD_RS00295,-0.0006705006542932582
rxn08291_c0,ACIAD_RS00535,-0.10636946790342228
rxn05465_c0,ACIAD_RS08110,0.5275282378536139
rxn05465_c0,ACIAD_RS04015,0.5275282378536139
rxn05465_c0,ACIAD_RS02585,0.5275282378536139
rxn05465_c0,ACIAD_RS02590,0.5275282378536139
rxn05465_c0,ACIAD_RS04025,0.5275282378536139
rxn06077_c0,ACIAD_RS02315,0.05312127942142541
rxn00145_c0,ACIAD_RS00505,0.08432968776010327
rxn01303_c0,ACIAD_RS02400,0.07930157194948523
rxn02286_c0,ACIAD_RS15900,0.006721450147614108
rxn00832_c0,ACIAD_RS11185,-0.06917894553606588
rxn00360_c0,ACIAD_RS06400,0.00033525032714662976
rxn01106_c0,ACIAD_RS01210,0.7380253110067825
rxn01106_c0,ACIAD_RS05020,0.7380253110067825
rxn00931_c0,ACIAD_RS13705,0.7897068326250904
rxn00066_c0,ACIAD_RS10305,0.04199403552309516
rxn00066_c0,ACIAD_RS05680,0.04199403552309516
rxn00066_c0,ACIAD_RS02010,0.04199403552309516
rxn00066_c0,ACIAD_RS09650,0.04199403552309516
rxn08756_c0,ACIAD_RS15035,0.07425475834622032
rxn05115_c0,ACIAD_RS16550,0.05314961622678872
rxn00650_c0,ACIAD_RS09245,-0.0003352503271466298
rxn00650_c0,ACIAD_RS10170,-0.0003352503271466298
rxn00650_c0,ACIAD_RS01195,-0.0003352503271466298
rxn03167_c0,ACIAD_RS13170,0.0010057509814398893
rxn03167_c0,ACIAD_RS02360,0.0010057509814398893
rxn03005_c0,ACIAD_RS11985,-0.04979711295532244
rxn03437_c0,ACIAD_RS05825,0.048898459634480286
rxn03437_c0,ACIAD_RS16430,0.048898459634480286
rxn01353_c0,ACIAD_RS02530,0.0013170341856996869
rxn00616_c0,ACIAD_RS12825,-0.03118182970995021
rxn06723_c0,ACIAD_RS06365,-0.013442900295228329
rxn00313_c0,ACIAD_RS12095,0.05772359599576771
rxn05325_c0,ACIAD_RS14075,-0.07518302368467121
rxn02895_c0,ACIAD_RS11190,0.05348486655393536
rxn02508_c0,ACIAD_RS02900,0.009545555656086394
rxn00420_c0,ACIAD_RS03455,0.2707207808828642
rxn00420_c0,ACIAD_RS06730,0.2707207808828642
rxn00420_c0,ACIAD_RS03855,0.2707207808828642
rxn00420_c0,ACIAD_RS11630,0.2707207808828642
rxn00420_c0,ACIAD_RS16140,0.2707207808828642
rxn00420_c0,ACIAD_RS02095,0.2707207808828642
rxn14334_c0,ACIAD_RS06335,0.006721450147614107
rxn05005_c0,ACIAD_RS13245,0.0003352503271466298
rxn05005_c0,ACIAD_RS01345,0.0003352503271466298
rxn02939_c0,ACIAD_RS12125,0.0003352503271466298
rxn00048_c0,ACIAD_RS01175,0.0006705006542932595
rxn05231_c0,ACIAD_RS03315,0.001317034185699687
rxn05231_c0,ACIAD_RS03320,0.001317034185699687
rxn00283_c0,ACIAD_RS11130,-0.09292656760819407
rxn00283_c0,ACIAD_RS00540,-0.09292656760819407
rxn00283_c0,ACIAD_RS01510,-0.09292656760819407
rxn00726_c0,ACIAD_RS11245,0.009545555656086386
rxn00726_c0,ACIAD_RS01395,0.009545555656086386
rxn00379_c0,ACIAD_RS04940,-0.0003352503271466298
rxn00379_c0,ACIAD_RS04945,-0.0003352503271466298
rxn05330_c0,ACIAD_RS06370,0.07518302368467122
rxn02475_c0,ACIAD_RS01165,0.0006705006542932596
rxn02475_c0,ACIAD_RS04695,0.0006705006542932596
rxn02475_c0,ACIAD_RS03915,0.0006705006542932596
rxn05339_c0,ACIAD_RS04020,-0.0751830236846712
rxn05339_c0,ACIAD_RS02655,-0.0751830236846712
rxn05460_c0,ACIAD_RS02645,0.041575772946600364
rxn05460_c0,ACIAD_RS04060,0.041575772946600364
rxn05460_c0,ACIAD_RS02575,0.041575772946600364
rxn09039_c0,ACIAD_RS01795,0.00033525032714662976
rxn03108_c0,ACIAD_RS04040,0.0003352503271466299
rxn01018_c0,ACIAD_RS05845,0.03599085332143068
rxn01018_c0,ACIAD_RS05850,0.03599085332143068
rxn03146_c0,ACIAD_RS15875,0.013442900295228327
rxn03893_c0,ACIAD_RS11220,0.0003352503271466298
rxn02789_c0,ACIAD_RS02125,0.07591418318944176
rxn02789_c0,ACIAD_RS02135,0.07591418318944176
rxn00410_c0,ACIAD_RS09220,0.017353950027060878
rxn01333_c0,ACIAD_RS09115,-0.02098676954316808
rxn12510_c0,ACIAD_RS03880,0.000670500654293467
rxn05342_c0,ACIAD_RS04020,-0.06846157353705702
rxn00414_c0,ACIAD_RS12910,0.08587988948625955
rxn00414_c0,ACIAD_RS12905,0.08587988948625955
rxn00799_c0,ACIAD_RS02445,-0.5495242093763332
rxn00799_c0,ACIAD_RS08705,-0.5495242093763332
rxn02405_c0,ACIAD_RS10805,0.013442900295228329
rxn02200_c0,ACIAD_RS11005,0.0010057509814398896
rxn02200_c0,ACIAD_RS13845,0.0010057509814398896
rxn02200_c0,ACIAD_RS12875,0.0010057509814398896
rxn01069_c0,ACIAD_RS01240,0.09191855317846606
rxn00791_c0,ACIAD_RS11250,-0.009545555656086394
rxn05029_c0,ACIAD_RS02890,0.00033525032714662976
rxn02285_c0,ACIAD_RS08955,-0.006721450147614109
rxn02303_c0,ACIAD_RS14740,0.00033525032714662976
rxn03087_c0,ACIAD_RS09540,-0.0644450461433818
rxn05315_c0,ACIAD_RS03175,-0.00033525032714662987
rxn05315_c0,ACIAD_RS15270,-0.00033525032714662987
rxn05315_c0,ACIAD_RS16285,-0.00033525032714662987
rxn05294_c0,ACIAD_RS10800,0.0025492415605696994
rxn05294_c0,ACIAD_RS01190,0.0025492415605696994
rxn05294_c0,ACIAD_RS14035,0.0025492415605696994
rxn05294_c0,ACIAD_RS05220,0.0025492415605696994
rxn05294_c0,ACIAD_RS13080,0.0025492415605696994
rxn05294_c0,ACIAD_RS01900,0.0025492415605696994
rxn05294_c0,ACIAD_RS03900,0.0025492415605696994
rxn05294_c0,ACIAD_RS09585,0.0025492415605696994
rxn05294_c0,ACIAD_RS00020,0.0025492415605696994
rxn05294_c0,ACIAD_RS02235,0.0025492415605696994
rxn05294_c0,ACIAD_RS00005,0.0025492415605696994
rxn05294_c0,ACIAD_RS12060,0.0025492415605696994
rxn05294_c0,ACIAD_RS09070,0.0025492415605696994
rxn05294_c0,ACIAD_RS15605,0.0025492415605696994
rxn05294_c0,ACIAD_RS03980,0.0025492415605696994
rxn05294_c0,ACIAD_RS03985,0.0025492415605696994
rxn05294_c0,ACIAD_RS00010,0.0025492415605696994
rxn03907_c0,ACIAD_RS09200,0.08198195947527429
rxn02834_c0,ACIAD_RS01775,0.016029329309277147
rxn01213_c0,ACIAD_RS12415,0.007727201129053995
rxn00459_c0,ACIAD_RS09210,-0.7380253110067825
rxn00770_c0,ACIAD_RS04445,0.11806785778504926
rxn00770_c0,ACIAD_RS13130,0.11806785778504926
rxn14040_c0,ACIAD_RS06335,0.006721450147614107
rxn05209_c0,ACIAD_RS12940,-0.4154712247426836
rxn08444_c0,ACIAD_RS14650,0.041575772946600364
rxn00260_c0,ACIAD_RS11695,1.1644001392080687
rxn00260_c0,ACIAD_RS16070,1.1644001392080687
rxn00260_c0,ACIAD_RS00525,1.1644001392080687
rxn00461_c0,ACIAD_RS03055,0.006721450147614108
rxn03136_c0,ACIAD_RS05610,0.05314961622678872
rxn01387_c0,ACIAD_RS05470,0.25499481207346436
rxn01387_c0,ACIAD_RS05455,0.25499481207346436
rxn02937_c0,ACIAD_RS11980,0.05348486655393536
rxn00350_c0,ACIAD_RS02205,-0.00033525032714662987
rxn00350_c0,ACIAD_RS04285,-0.00033525032714662987
rxn03137_c0,ACIAD_RS11185,0.06917894553606588
rxn05462_c0,ACIAD_RS06370,0.04157577294660038
rxn00952_c0,ACIAD_RS10585,0.047853142678626684
rxn00952_c0,ACIAD_RS15305,0.047853142678626684
rxn01517_c0,ACIAD_RS11770,-0.0013170341856996869
rxn05006_c0,ACIAD_RS13245,0.0003352503271466298
rxn05006_c0,ACIAD_RS01345,0.0003352503271466298
rxn01299_c0,ACIAD_RS10910,0.0020115019628797774
rxn05331_c0,ACIAD_RS06370,0.07518302368467122
rxn00533_c0,ACIAD_RS02935,0.5275282378536139
rxn00533_c0,ACIAD_RS13715,0.5275282378536139
rxn00533_c0,ACIAD_RS15120,0.5275282378536139
rxn02476_c0,ACIAD_RS10180,0.06754469846933345
rxn01512_c0,ACIAD_RS02530,0.001317034185699687
rxn03841_c0,ACIAD_RS11780,0.0010057509814398896
rxn06865_c0,ACIAD_RS02200,-0.006721450147614163
rxn01257_c0,ACIAD_RS03075,0.0010057509814398896
rxn01257_c0,ACIAD_RS11245,0.0010057509814398896
rxn00903_c0,ACIAD_RS02725,-0.07123145777324845
rxn00056_c0,ACIAD_RS15065,8.381258178665744e-05
rxn00056_c0,ACIAD_RS03930,8.381258178665744e-05
rxn00056_c0,ACIAD_RS09420,8.381258178665744e-05
rxn02213_c0,ACIAD_RS07895,0.06754469846933348
rxn02213_c0,ACIAD_RS08015,0.06754469846933348
rxn00615_c0,ACIAD_RS04290,0.005196971618325037
rxn05341_c0,ACIAD_RS04020,-0.07518302368467121
rxn05341_c0,ACIAD_RS02655,-0.07518302368467121
rxn01265_c0,ACIAD_RS16115,-0.0003352503271466297
rxn01265_c0,ACIAD_RS04440,-0.0003352503271466297
rxn00834_c0,ACIAD_RS15840,0.026801218363144592
rxn08130_c0,ACIAD_RS09715,0.00033525032714662846
rxn05313_c0,ACIAD_RS13820,0.1384904082475612
rxn05117_c0,ACIAD_RS04590,0.0006705006542932581
rxn00785_c0,ACIAD_RS09365,0.08886671833964818
rxn00693_c0,ACIAD_RS04820,0.08131307391236497
rxn03909_c0,ACIAD_RS14730,0.08265246012956755
rxn01101_c0,ACIAD_RS14845,0.2707207808828642
rxn01101_c0,ACIAD_RS14940,0.2707207808828642
rxn01101_c0,ACIAD_RS05980,0.2707207808828642
rxn03084_c0,ACIAD_RS11875,0.05348486655393536
rxn03439_c0,ACIAD_RS15740,0.006721450147614165
rxn00346_c0,ACIAD_RS13145,0.000670500654293467
rxn00806_c0,ACIAD_RS02725,-0.07591418318944178
rxn05328_c0,ACIAD_RS14075,-0.041575772946600364
rxn05323_c0,ACIAD_RS14075,-0.04157577294660037
rxn05616_c0,ACIAD_RS01870,-0.0003352503271466298
rxn05616_c0,ACIAD_RS12780,-0.0003352503271466298
rxn05616_c0,ACIAD_RS01925,-0.0003352503271466298
rxn05616_c0,ACIAD_RS14690,-0.0003352503271466298
rxn01790_c0,ACIAD_RS14005,-0.000670500654293467
rxn05651_c0,ACIAD_RS05715,0.0963767860115466
rxn00077_c0,ACIAD_RS10220,0.00033525032714663003
rxn01388_c0,ACIAD_RS10950,-2.2834378698428806
rxn01388_c0,ACIAD_RS13975,-2.2834378698428806
rxn03638_c0,ACIAD_RS16175,0.026885800590456546
rxn02056_c0,ACIAD_RS13245,-0.0003352503271466298
rxn00851_c0,ACIAD_RS15895,0.006721450147614109
rxn05233_c0,ACIAD_RS13725,0.0009817838585530572
rxn05233_c0,ACIAD_RS03315,0.0009817838585530572
rxn05233_c0,ACIAD_RS03320,0.0009817838585530572
rxn00141_c0,ACIAD_RS10445,0.0020115019628797774
rxn01200_c0,ACIAD_RS09365,0.02098676954316808
rxn01241_c0,ACIAD_RS12975,0.06980905137772785
rxn01241_c0,ACIAD_RS14215,0.06980905137772785
rxn01241_c0,ACIAD_RS04700,0.06980905137772785
rxn05332_c0,ACIAD_RS06370,0.041575772946600364
rxn00438_c0,ACIAD_RS16165,0.00033525032714662987
rxn00288_c0,ACIAD_RS12990,2.129549457888523
rxn00288_c0,ACIAD_RS13000,2.129549457888523
rxn00288_c0,ACIAD_RS13005,2.129549457888523
rxn00288_c0,ACIAD_RS12995,2.129549457888523
rxn02473_c0,ACIAD_RS15370,0.016029329309277147
rxn01434_c0,ACIAD_RS05300,0.04988903616482888
rxn00912_c0,ACIAD_RS13840,0.000670500654293467
rxn09069_c0,ACIAD_RS14100,-0.0003352503271466298
rxn00122_c0,ACIAD_RS00125,0.0003352503271466297
rxn06076_c0,ACIAD_RS03315,-0.001317034185699687
rxn06076_c0,ACIAD_RS03320,-0.001317034185699687
rxn05344_c0,ACIAD_RS04060,0.041575772946600364
rxn05344_c0,ACIAD_RS02645,0.041575772946600364
rxn05344_c0,ACIAD_RS02660,0.041575772946600364
rxn05344_c0,ACIAD_RS09640,0.041575772946600364
rxn05344_c0,ACIAD_RS02575,0.041575772946600364
rxn03394_c0,ACIAD_RS05175,0.0003352503271466298
rxn00085_c0,ACIAD_RS15155,0.3505026481757576
rxn00085_c0,ACIAD_RS15150,0.3505026481757576
rxn00085_c0,ACIAD_RS11470,0.3505026481757576
rxn00085_c0,ACIAD_RS02110,0.3505026481757576
rxn00119_c0,ACIAD_RS06325,0.04943375361665893
rxn01466_c0,ACIAD_RS13405,0.0077272011290539944
rxn00974_c0,ACIAD_RS10950,2.2834378698428806
rxn00974_c0,ACIAD_RS13975,2.2834378698428806
rxn02008_c0,ACIAD_RS01275,0.00672145014761411
rxn03904_c0,ACIAD_RS15210,0.006721450147614109
rxn02288_c0,ACIAD_RS11305,0.0003352503271466298
rxn10199_c0,ACIAD_RS04890,0.006721450147614165
rxn10199_c0,ACIAD_RS10225,0.006721450147614165
rxn10199_c0,ACIAD_RS15200,0.006721450147614165
rxn00409_c0,ACIAD_RS02530,0.11489571205810307
rxn01258_c0,ACIAD_RS12575,0.0006705006542932586
rxn05295_c0,ACIAD_RS01460,0.04005439779996247
rxn05295_c0,ACIAD_RS01465,0.04005439779996247
rxn05295_c0,ACIAD_RS11735,0.04005439779996247
rxn05295_c0,ACIAD_RS13200,0.04005439779996247
rxn05295_c0,ACIAD_RS14470,0.04005439779996247
rxn05295_c0,ACIAD_RS14165,0.04005439779996247
rxn05295_c0,ACIAD_RS16650,0.04005439779996247
rxn05295_c0,ACIAD_RS01720,0.04005439779996247
rxn03901_c0,ACIAD_RS16570,0.006721450147614108
rxn03901_c0,ACIAD_RS07535,0.006721450147614108
rxn03901_c0,ACIAD_RS04220,0.006721450147614108
rxn03901_c0,ACIAD_RS03130,0.006721450147614108
rxn10052_c0,ACIAD_RS05075,0.0003352503271466297
rxn10052_c0,ACIAD_RS13490,0.0003352503271466297
rxn00193_c0,ACIAD_RS14765,0.006721450147614109
rxn05326_c0,ACIAD_RS14075,-0.0751830236846712
rxn05114_c0,ACIAD_RS16545,0.05314961622678872
rxn03164_c0,ACIAD_RS15215,0.006721450147614108
rxn00256_c0,ACIAD_RS13010,-2.2834378698428806
rxn00138_c0,ACIAD_RS13020,0.0006705006542932584
rxn06729_c0,ACIAD_RS06375,0.013442900295228329
rxn06729_c0,ACIAD_RS02585,0.013442900295228329
rxn06729_c0,ACIAD_RS02590,0.013442900295228329
rxn06729_c0,ACIAD_RS04025,0.013442900295228329
rxn00347_c0,ACIAD_RS08040,-1.688780274101006
rxn00504_c0,ACIAD_RS07555,-0.037281698505846846
rxn01485_c0,ACIAD_RS15835,-0.026885800590456546
rxn03031_c0,ACIAD_RS11820,0.0644450461433818
rxn00239_c0,ACIAD_RS15040,0.029147970653171002
rxn00441_c0,ACIAD_RS12985,0.06980905137772785
rxn02465_c0,ACIAD_RS06270,-0.05055953681912213
rxn03130_c0,ACIAD_RS08850,0.006721450147614165
rxn01791_c0,ACIAD_RS13835,0.000670500654293467
rxn00623_c0,ACIAD_RS13465,-0.04785314267862668
rxn02507_c0,ACIAD_RS11255,0.009545555656086394
rxn08043_c0,ACIAD_RS14015,0.04889845963448028
rxn08043_c0,ACIAD_RS14010,0.04889845963448028
rxn08131_c0,ACIAD_RS01305,0.0003352503271466299
rxn05464_c0,ACIAD_RS14075,0.04157577294660037
rxn14333_c0,ACIAD_RS06335,0.006721450147614107
rxn01964_c0,ACIAD_RS02905,0.009545555656086393
rxn01964_c0,ACIAD_RS02930,0.009545555656086393
rxn02341_c0,ACIAD_RS14115,0.000670500654293467
rxn01137_c0,ACIAD_RS05730,0.0020115019628797774
rxn03182_c0,ACIAD_RS15740,0.006721450147614163
rxn00224_c0,ACIAD_RS14755,0.00033525032714662976
rxn01513_c0,ACIAD_RS11770,0.001317034185699687
rxn05333_c0,ACIAD_RS06370,0.07518302368467121
rxn00209_c0,ACIAD_RS15830,0.00033525032714662976
rxn02474_c0,ACIAD_RS01165,-0.0006705006542932595
rxn04783_c0,ACIAD_RS09530,0.0036877535986129285
rxn01019_c0,ACIAD_RS06300,0.04988903616482887
rxn00525_c0,ACIAD_RS10180,0.024739453938461838
rxn02914_c0,ACIAD_RS12035,-0.2707207808828642
rxn01603_c0,ACIAD_RS02940,0.0010057509814398896
rxn00686_c0,ACIAD_RS02330,-0.002322785167139576
rxn09232_c0,ACIAD_RS14100,0.0003352503271466297
rxn06075_c0,ACIAD_RS03315,-0.001317034185699687
rxn06075_c0,ACIAD_RS03320,-0.001317034185699687
rxn01973_c0,ACIAD_RS03630,0.06444504614338181
rxn00117_c0,ACIAD_RS02530,0.06155961972618753
rxn05343_c0,ACIAD_RS04060,0.07518302368467121
rxn05343_c0,ACIAD_RS02645,0.07518302368467121
rxn05343_c0,ACIAD_RS09640,0.07518302368467121
rxn05343_c0,ACIAD_RS02575,0.07518302368467121
rxn01520_c0,ACIAD_RS02335,0.001317034185699687
rxn03395_c0,ACIAD_RS00225,0.00033525032714662976
rxn00330_c0,ACIAD_RS10675,-2.070101842965365
rxn03445_c0,ACIAD_RS12035,-0.0003352503271466298
rxn11663_c0,ACIAD_RS13590,0.00033525032714662987
rxn00493_c0,ACIAD_RS03070,-0.031248186911905448
rxn00493_c0,ACIAD_RS11695,-0.031248186911905448
rxn00493_c0,ACIAD_RS16070,-0.031248186911905448
rxn00493_c0,ACIAD_RS00525,-0.031248186911905448
rxn00293_c0,ACIAD_RS16175,0.026885800590456546
rxn14011_c0,ACIAD_RS06335,0.006721450147614107
rxn00839_c0,ACIAD_RS02530,0.001317034185699687
rxn15021_c0,ACIAD_RS14015,-0.14781614161698367
rxn15021_c0,ACIAD_RS14010,-0.14781614161698367
rxn00154_c0,ACIAD_RS14215,5.045608057831201
rxn00154_c0,ACIAD_RS15860,5.045608057831201
rxn00154_c0,ACIAD_RS15855,5.045608057831201
rxn15466_c0,ACIAD_RS14005,-0.14781614161698367
rxn14422_c0,ACIAD_RS11100,7.923733269504771
rxn14422_c0,ACIAD_RS11095,7.923733269504771
rxn14422_c0,ACIAD_RS11090,7.923733269504771
rxn14422_c0,ACIAD_RS11085,7.923733269504771
rxn08475_c0,ACIAD_RS01265,-0.001341001308586519
rxn08173_c0,ACIAD_RS00830,14.329357626297938
rxn08173_c0,ACIAD_RS00850,14.329357626297938
rxn08173_c0,ACIAD_RS00860,14.329357626297938
rxn08173_c0,ACIAD_RS00840,14.329357626297938
rxn08173_c0,ACIAD_RS00855,14.329357626297938
rxn08173_c0,ACIAD_RS00845,14.329357626297938
rxn08173_c0,ACIAD_RS00870,14.329357626297938
rxn08173_c0,ACIAD_RS00835,14.329357626297938
rxn08173_c0,ACIAD_RS00865,14.329357626297938
rxn14421_c0,ACIAD_RS11100,7.923733269504771
rxn14421_c0,ACIAD_RS11095,7.923733269504771
rxn14421_c0,ACIAD_RS11090,7.923733269504771
rxn14421_c0,ACIAD_RS11085,7.923733269504771
rxn39451_c0,ACIAD_RS16370,-0.06444504614338181
rxn43581_c0,ACIAD_RS02550,-0.08198195947527429
rxn08241_c0,ACIAD_RS01870,-0.0003352503271466298
rxn08241_c0,ACIAD_RS14690,-0.0003352503271466298
rxn15467_c0,ACIAD_RS05825,0.14781614161698367
rxn15467_c0,ACIAD_RS16430,0.14781614161698367
rxn14061_c0,ACIAD_RS06335,0.006721450147614107
rxn13957_c0,ACIAD_RS06335,0.006721450147614107
rxn40037_c0,ACIAD_RS16220,0.06444504614338181
rxn19704_c0,ACIAD_RS03420,-0.08198195947527429
rxn19704_c0,ACIAD_RS00245,-0.08198195947527429
rxn19704_c0,ACIAD_RS10275,-0.08198195947527429
rxn19704_c0,ACIAD_RS05555,-0.08198195947527429
rxn19704_c0,ACIAD_RS04510,-0.08198195947527429
DgoA,DgoA,0.06754469846933348
