feature_id,ACN2586_1,ACN2586_2,ACN2586_3,ACN2586_4,ACN2586_5,ACN2821_1,ACN2821_2,ACN2821_3,ACN2821_4,ACN2821_5,ACN3015_1,ACN3015_2,ACN3015_3,ACN3015_4,ACN3015_5,ACN3468_1,ACN3468_2,ACN3468_3,ACN3468_4,ACN3468_5,ACN3471_1,ACN3471_2,ACN3471_3,ACN3471_4,ACN3471_5,ACN3474_1,ACN3474_2,ACN3474_3,ACN3474_4,ACN3474_5,ACN3477_1,ACN3477_2,ACN3477_3,ACN3477_4,ACN3477_5,ADP1_1,ADP1_2,ADP1_3,ADP1_4,ADP1_5
rxn12357_c0,,,,,,,,,,,,,,,,,,,,,,,,,,,,,,,,,,,,,,,,
rxn00947_c0,,,,,,,,,,,,,,,,,,,,,,,,,,,,,,,,,,,,,,,,
rxn00100_c0,,,,,,,,,,,,,,,,,,,,,,,,,,,,,,,,,,,,,,,,
rxn00305_c0,,,,,,,,,,,,,,,,,,,,,,,,,,,,,,,,,,,,,,,,
rxn04783_c0,,,,,,,,,,,,,,,,,,,,,,,,,,,,,,,,,,,,,,,,
rxn15467_c0,,,,,,,,,,,,,,,,,,,,,,,,,,,,,,,,,,,,,,,,
rxn00199_c0,,,,,,,,,,,,,,,,,,,,,,,,,,,,,,,,,,,,,,,,
rxn01353_c0,,,,,,,,,,,,,,,,,,,,,,,,,,,,,,,,,,,,,,,,
rxn03887_c0,,,,,,,,,,,,,,,,,,,,,,,,,,,,,,,,,,,,,,,,
rxn00338_c0,,,,,,,,,,,,,,,,,,,,,,,,,,,,,,,,,,,,,,,,
rxn07577_c0,,,,,,,,,,,,,,,,,,,,,,,,,,,,,,,,,,,,,,,,
rxn01974_c0,,,,,,,,,,,,,,,,,,,,,,,,,,,,,,,,,,,,,,,,
rxn00990_c0,,,,,,,,,,,,,,,,,,,,,,,,,,,,,,,,,,,,,,,,
rxn08353_c0,,,,,,,,,,,,,,,,,,,,,,,,,,,,,,,,,,,,,,,,
rxn00867_c0,,,,,,,,,,,,,,,,,,,,,,,,,,,,,,,,,,,,,,,,
rxn12232_c0,,,,,,,,,,,,,,,,,,,,,,,,,,,,,,,,,,,,,,,,
rxn01299_c0,,,,,,,,,,,,,,,,,,,,,,,,,,,,,,,,,,,,,,,,
rxn12494_c0,,,,,,,,,,,,,,,,,,,,,,,,,,,,,,,,,,,,,,,,
rxn02011_c0,,,,,,,,,,,,,,,,,,,,,,,,,,,,,,,,,,,,,,,,
rxn00929_c0,,,,,,,,,,,,,,,,,,,,,,,,,,,,,,,,,,,,,,,,
rxn00327_c0,,,,,,,,,,,,,,,,,,,,,,,,,,,,,,,,,,,,,,,,
rxn02834_c0,,,,,,,,,,,,,,,,,,,,,,,,,,,,,,,,,,,,,,,,
rxn12280_c0,,,,,,,,,,,,,,,,,,,,,,,,,,,,,,,,,,,,,,,,
rxn12393_c0,,,,,,,,,,,,,,,,,,,,,,,,,,,,,,,,,,,,,,,,
rxn05350_c0,,,,,,,,,,,,,,,,,,,,,,,,,,,,,,,,,,,,,,,,
rxn00205_c0,,,,,,,,,,,,,,,,,,,,,,,,,,,,,,,,,,,,,,,,
rxn03908_c0,,,,,,,,,,,,,,,,,,,,,,,,,,,,,,,,,,,,,,,,
rxn01106_c0,,,,,,,,,,,,,,,,,,,,,,,,,,,,,,,,,,,,,,,,
rxn08861_c0,,,,,,,,,,,,,,,,,,,,,,,,,,,,,,,,,,,,,,,,
rxn01188_c0,,,,,,,,,,,,,,,,,,,,,,,,,,,,,,,,,,,,,,,,
rxn03137_c0,,,,,,,,,,,,,,,,,,,,,,,,,,,,,,,,,,,,,,,,
rxn03394_c0,,,,,,,,,,,,,,,,,,,,,,,,,,,,,,,,,,,,,,,,
rxn08291_c0,,,,,,,,,,,,,,,,,,,,,,,,,,,,,,,,,,,,,,,,
rxn12217_c0,,,,,,,,,,,,,,,,,,,,,,,,,,,,,,,,,,,,,,,,
rxn20547_c0,,,,,,,,,,,,,,,,,,,,,,,,,,,,,,,,,,,,,,,,
rxn00737_c0,,,,,,,,,,,,,,,,,,,,,,,,,,,,,,,,,,,,,,,,
rxn20472_c0,,,,,,,,,,,,,,,,,,,,,,,,,,,,,,,,,,,,,,,,
rxn12241_c0,,,,,,,,,,,,,,,,,,,,,,,,,,,,,,,,,,,,,,,,
rxn00187_c0,,,,,,,,,,,,,,,,,,,,,,,,,,,,,,,,,,,,,,,,
rxn00469_c0,,,,,,,,,,,,,,,,,,,,,,,,,,,,,,,,,,,,,,,,
rxn02302_c0,,,,,,,,,,,,,,,,,,,,,,,,,,,,,,,,,,,,,,,,
rxn03907_c0,,,,,,,,,,,,,,,,,,,,,,,,,,,,,,,,,,,,,,,,
rxn12240_c0,,,,,,,,,,,,,,,,,,,,,,,,,,,,,,,,,,,,,,,,
rxn12247_c0,,,,,,,,,,,,,,,,,,,,,,,,,,,,,,,,,,,,,,,,
rxn12356_c0,,,,,,,,,,,,,,,,,,,,,,,,,,,,,,,,,,,,,,,,
rxn08783_c0,,,,,,,,,,,,,,,,,,,,,,,,,,,,,,,,,,,,,,,,
rxn12364_c0,,,,,,,,,,,,,,,,,,,,,,,,,,,,,,,,,,,,,,,,
rxn05343_c0,,,,,,,,,,,,,,,,,,,,,,,,,,,,,,,,,,,,,,,,
rxn01182_c0,,,,,,,,,,,,,,,,,,,,,,,,,,,,,,,,,,,,,,,,
rxn00190_c0,,,,,,,,,,,,,,,,,,,,,,,,,,,,,,,,,,,,,,,,
rxn00470_c0,,,,,,,,,,,,,,,,,,,,,,,,,,,,,,,,,,,,,,,,
rxn05460_c0,,,,,,,,,,,,,,,,,,,,,,,,,,,,,,,,,,,,,,,,
rxn00379_c0,,,,,,,,,,,,,,,,,,,,,,,,,,,,,,,,,,,,,,,,
rxn03084_c0,,,,,,,,,,,,,,,,,,,,,,,,,,,,,,,,,,,,,,,,
rxn12381_c0,,,,,,,,,,,,,,,,,,,,,,,,,,,,,,,,,,,,,,,,
rxn02264_c0,,,,,,,,,,,,,,,,,,,,,,,,,,,,,,,,,,,,,,,,
rxn12418_c0,,,,,,,,,,,,,,,,,,,,,,,,,,,,,,,,,,,,,,,,
rxn01434_c0,,,,,,,,,,,,,,,,,,,,,,,,,,,,,,,,,,,,,,,,
rxn05324_c0,,,,,,,,,,,,,,,,,,,,,,,,,,,,,,,,,,,,,,,,
rxn01644_c0,,,,,,,,,,,,,,,,,,,,,,,,,,,,,,,,,,,,,,,,
rxn01352_c0,,,,,,,,,,,,,,,,,,,,,,,,,,,,,,,,,,,,,,,,
rxn12348_c0,,,,,,,,,,,,,,,,,,,,,,,,,,,,,,,,,,,,,,,,
rxn12397_c0,,,,,,,,,,,,,,,,,,,,,,,,,,,,,,,,,,,,,,,,
rxn17731_c0,,,,,,,,,,,,,,,,,,,,,,,,,,,,,,,,,,,,,,,,
rxn05040_c0,,,,,,,,,,,,,,,,,,,,,,,,,,,,,,,,,,,,,,,,
rxn06443_c0,,,,,,,,,,,,,,,,,,,,,,,,,,,,,,,,,,,,,,,,
rxn06510_c0,,,,,,,,,,,,,,,,,,,,,,,,,,,,,,,,,,,,,,,,
rxn01629_c0,,,,,,,,,,,,,,,,,,,,,,,,,,,,,,,,,,,,,,,,
rxn01329_c0,,,,,,,,,,,,,,,,,,,,,,,,,,,,,,,,,,,,,,,,
rxn05322_c0,,,,,,,,,,,,,,,,,,,,,,,,,,,,,,,,,,,,,,,,
rxn03910_c0,,,,,,,,,,,,,,,,,,,,,,,,,,,,,,,,,,,,,,,,
rxn01507_c0,,,,,,,,,,,,,,,,,,,,,,,,,,,,,,,,,,,,,,,,
rxn01015_c0,,,,,,,,,,,,,,,,,,,,,,,,,,,,,,,,,,,,,,,,
rxn00957_c0,,,,,,,,,,,,,,,,,,,,,,,,,,,,,,,,,,,,,,,,
rxn02296_c0,,,,,,,,,,,,,,,,,,,,,,,,,,,,,,,,,,,,,,,,
rxn00907_c0,,,,,,,,,,,,,,,,,,,,,,,,,,,,,,,,,,,,,,,,
rxn02944_c0,,,,,,,,,,,,,,,,,,,,,,,,,,,,,,,,,,,,,,,,
rxn00293_c0,,,,,,,,,,,,,,,,,,,,,,,,,,,,,,,,,,,,,,,,
rxn01834_c0,,,,,,,,,,,,,,,,,,,,,,,,,,,,,,,,,,,,,,,,
rxn02167_c0,,,,,,,,,,,,,,,,,,,,,,,,,,,,,,,,,,,,,,,,
rxn01275_c0,,,,,,,,,,,,,,,,,,,,,,,,,,,,,,,,,,,,,,,,
rxn02914_c0,,,,,,,,,,,,,,,,,,,,,,,,,,,,,,,,,,,,,,,,
rxn09014_c0,,,,,,,,,,,,,,,,,,,,,,,,,,,,,,,,,,,,,,,,
rxn00178_c0,,,,,,,,,,,,,,,,,,,,,,,,,,,,,,,,,,,,,,,,
rxn05338_c0,,,,,,,,,,,,,,,,,,,,,,,,,,,,,,,,,,,,,,,,
rxn19846_c0,,,,,,,,,,,,,,,,,,,,,,,,,,,,,,,,,,,,,,,,
rxn02112_c0,,,,,,,,,,,,,,,,,,,,,,,,,,,,,,,,,,,,,,,,
rxn02869_c0,,,,,,,,,,,,,,,,,,,,,,,,,,,,,,,,,,,,,,,,
rxn00214_c0,,,,,,,,,,,,,,,,,,,,,,,,,,,,,,,,,,,,,,,,
rxn03244_c0,,,,,,,,,,,,,,,,,,,,,,,,,,,,,,,,,,,,,,,,
rxn12288_c0,,,,,,,,,,,,,,,,,,,,,,,,,,,,,,,,,,,,,,,,
rxn00192_c0,,,,,,,,,,,,,,,,,,,,,,,,,,,,,,,,,,,,,,,,
rxn00414_c0,,,,,,,,,,,,,,,,,,,,,,,,,,,,,,,,,,,,,,,,
rxn12298_c0,,,,,,,,,,,,,,,,,,,,,,,,,,,,,,,,,,,,,,,,
rxn00060_c0,,,,,,,,,,,,,,,,,,,,,,,,,,,,,,,,,,,,,,,,
rxn01675_c0,,,,,,,,,,,,,,,,,,,,,,,,,,,,,,,,,,,,,,,,
rxn09048_c0,,,,,,,,,,,,,,,,,,,,,,,,,,,,,,,,,,,,,,,,
rxn01445_c0,,,,,,,,,,,,,,,,,,,,,,,,,,,,,,,,,,,,,,,,
rxn12200_c0,,,,,,,,,,,,,,,,,,,,,,,,,,,,,,,,,,,,,,,,
rxn01069_c0,,,,,,,,,,,,,,,,,,,,,,,,,,,,,,,,,,,,,,,,
rxn12238_c0,,,,,,,,,,,,,,,,,,,,,,,,,,,,,,,,,,,,,,,,
rxn12299_c0,,,,,,,,,,,,,,,,,,,,,,,,,,,,,,,,,,,,,,,,
rxn02971_c0,,,,,,,,,,,,,,,,,,,,,,,,,,,,,,,,,,,,,,,,
rxn12260_c0,,,,,,,,,,,,,,,,,,,,,,,,,,,,,,,,,,,,,,,,
rxn00646_c0,,,,,,,,,,,,,,,,,,,,,,,,,,,,,,,,,,,,,,,,
rxn02331_c0,,,,,,,,,,,,,,,,,,,,,,,,,,,,,,,,,,,,,,,,
rxn00101_c0,,,,,,,,,,,,,,,,,,,,,,,,,,,,,,,,,,,,,,,,
rxn00525_c0,,,,,,,,,,,,,,,,,,,,,,,,,,,,,,,,,,,,,,,,
rxn01200_c0,,,,,,,,,,,,,,,,,,,,,,,,,,,,,,,,,,,,,,,,
rxn00992_c0,,,,,,,,,,,,,,,,,,,,,,,,,,,,,,,,,,,,,,,,
rxn00147_c0,,,,,,,,,,,,,,,,,,,,,,,,,,,,,,,,,,,,,,,,
rxn02213_c0,,,,,,,,,,,,,,,,,,,,,,,,,,,,,,,,,,,,,,,,
rxn05552_c0,,,,,,,,,,,,,,,,,,,,,,,,,,,,,,,,,,,,,,,,
rxn12332_c0,,,,,,,,,,,,,,,,,,,,,,,,,,,,,,,,,,,,,,,,
rxn00209_c0,,,,,,,,,,,,,,,,,,,,,,,,,,,,,,,,,,,,,,,,
rxn02374_c0,,,,,,,,,,,,,,,,,,,,,,,,,,,,,,,,,,,,,,,,
rxn01256_c0,,,,,,,,,,,,,,,,,,,,,,,,,,,,,,,,,,,,,,,,
rxn03395_c0,,,,,,,,,,,,,,,,,,,,,,,,,,,,,,,,,,,,,,,,
rxn00409_c0,,,,,,,,,,,,,,,,,,,,,,,,,,,,,,,,,,,,,,,,
rxn04025_c0,,,,,,,,,,,,,,,,,,,,,,,,,,,,,,,,,,,,,,,,
rxn00085_c0,,,,,,,,,,,,,,,,,,,,,,,,,,,,,,,,,,,,,,,,
rxn12395_c0,,,,,,,,,,,,,,,,,,,,,,,,,,,,,,,,,,,,,,,,
rxn00364_c0,,,,,,,,,,,,,,,,,,,,,,,,,,,,,,,,,,,,,,,,
rxn00083_c0,,,,,,,,,,,,,,,,,,,,,,,,,,,,,,,,,,,,,,,,
rxn00785_c0,,,,,,,,,,,,,,,,,,,,,,,,,,,,,,,,,,,,,,,,
rxn00979_c0,,,,,,,,,,,,,,,,,,,,,,,,,,,,,,,,,,,,,,,,
rxn12345_c0,,,,,,,,,,,,,,,,,,,,,,,,,,,,,,,,,,,,,,,,
rxn00598_c0,,,,,,,,,,,,,,,,,,,,,,,,,,,,,,,,,,,,,,,,
rxn00077_c0,,,,,,,,,,,,,,,,,,,,,,,,,,,,,,,,,,,,,,,,
rxn12435_c0,,,,,,,,,,,,,,,,,,,,,,,,,,,,,,,,,,,,,,,,
rxn01368_c0,,,,,,,,,,,,,,,,,,,,,,,,,,,,,,,,,,,,,,,,
rxn01678_c0,,,,,,,,,,,,,,,,,,,,,,,,,,,,,,,,,,,,,,,,
rxn01790_c0,,,,,,,,,,,,,,,,,,,,,,,,,,,,,,,,,,,,,,,,
rxn02988_c0,,,,,,,,,,,,,,,,,,,,,,,,,,,,,,,,,,,,,,,,
rxn02186_c0,,,,,,,,,,,,,,,,,,,,,,,,,,,,,,,,,,,,,,,,
rxn00802_c0,,,,,,,,,,,,,,,,,,,,,,,,,,,,,,,,,,,,,,,,
rxn03159_c0,,,,,,,,,,,,,,,,,,,,,,,,,,,,,,,,,,,,,,,,
rxn00692_c0,,,,,,,,,,,,,,,,,,,,,,,,,,,,,,,,,,,,,,,,
rxn00461_c0,,,,,,,,,,,,,,,,,,,,,,,,,,,,,,,,,,,,,,,,
rxn00711_c0,,,,,,,,,,,,,,,,,,,,,,,,,,,,,,,,,,,,,,,,
rxn00179_c0,,,,,,,,,,,,,,,,,,,,,,,,,,,,,,,,,,,,,,,,
rxn07465_c0,,,,,,,,,,,,,,,,,,,,,,,,,,,,,,,,,,,,,,,,
rxn12372_c0,,,,,,,,,,,,,,,,,,,,,,,,,,,,,,,,,,,,,,,,
rxn05231_c0,,,,,,,,,,,,,,,,,,,,,,,,,,,,,,,,,,,,,,,,
rxn09272_c0,,,,,,,,,,,,,,,,,,,,,,,,,,,,,,,,,,,,,,,,
rxn02003_c0,,,,,,,,,,,,,,,,,,,,,,,,,,,,,,,,,,,,,,,,
rxn03146_c0,,,,,,,,,,,,,,,,,,,,,,,,,,,,,,,,,,,,,,,,
rxn12249_c0,,,,,,,,,,,,,,,,,,,,,,,,,,,,,,,,,,,,,,,,
rxn02483_c0,,,,,,,,,,,,,,,,,,,,,,,,,,,,,,,,,,,,,,,,
rxn00708_c0,,,,,,,,,,,,,,,,,,,,,,,,,,,,,,,,,,,,,,,,
rxn00946_c0,,,,,,,,,,,,,,,,,,,,,,,,,,,,,,,,,,,,,,,,
rxn08439_c0,,,,,,,,,,,,,,,,,,,,,,,,,,,,,,,,,,,,,,,,
rxn12414_c0,,,,,,,,,,,,,,,,,,,,,,,,,,,,,,,,,,,,,,,,
rxn10204_c0,,,,,,,,,,,,,,,,,,,,,,,,,,,,,,,,,,,,,,,,
rxn46484_c0,,,,,,,,,,,,,,,,,,,,,,,,,,,,,,,,,,,,,,,,
rxn08130_c0,,,,,,,,,,,,,,,,,,,,,,,,,,,,,,,,,,,,,,,,
rxn01673_c0,,,,,,,,,,,,,,,,,,,,,,,,,,,,,,,,,,,,,,,,
rxn09953_c0,,,,,,,,,,,,,,,,,,,,,,,,,,,,,,,,,,,,,,,,
rxn03630_c0,,,,,,,,,,,,,,,,,,,,,,,,,,,,,,,,,,,,,,,,
rxn05333_c0,,,,,,,,,,,,,,,,,,,,,,,,,,,,,,,,,,,,,,,,
rxn12417_c0,,,,,,,,,,,,,,,,,,,,,,,,,,,,,,,,,,,,,,,,
rxn00063_c0,,,,,,,,,,,,,,,,,,,,,,,,,,,,,,,,,,,,,,,,
rxn03445_c0,,,,,,,,,,,,,,,,,,,,,,,,,,,,,,,,,,,,,,,,
rxn03397_c0,,,,,,,,,,,,,,,,,,,,,,,,,,,,,,,,,,,,,,,,
rxn01746_c0,,,,,,,,,,,,,,,,,,,,,,,,,,,,,,,,,,,,,,,,
rxn19072_c0,,,,,,,,,,,,,,,,,,,,,,,,,,,,,,,,,,,,,,,,
rxn05172_c0,,,,,,,,,,,,,,,,,,,,,,,,,,,,,,,,,,,,,,,,
rxn00500_c0,,,,,,,,,,,,,,,,,,,,,,,,,,,,,,,,,,,,,,,,
rxn03253_c0,,,,,,,,,,,,,,,,,,,,,,,,,,,,,,,,,,,,,,,,
rxn00189_c0,,,,,,,,,,,,,,,,,,,,,,,,,,,,,,,,,,,,,,,,
rxn05340_c0,,,,,,,,,,,,,,,,,,,,,,,,,,,,,,,,,,,,,,,,
rxn12262_c0,,,,,,,,,,,,,,,,,,,,,,,,,,,,,,,,,,,,,,,,
rxn05341_c0,,,,,,,,,,,,,,,,,,,,,,,,,,,,,,,,,,,,,,,,
rxn12259_c0,,,,,,,,,,,,,,,,,,,,,,,,,,,,,,,,,,,,,,,,
rxn01637_c0,,,,,,,,,,,,,,,,,,,,,,,,,,,,,,,,,,,,,,,,
rxn00966_c0,,,,,,,,,,,,,,,,,,,,,,,,,,,,,,,,,,,,,,,,
rxn03130_c0,,,,,,,,,,,,,,,,,,,,,,,,,,,,,,,,,,,,,,,,
rxn01603_c0,,,,,,,,,,,,,,,,,,,,,,,,,,,,,,,,,,,,,,,,
rxn03437_c0,,,,,,,,,,,,,,,,,,,,,,,,,,,,,,,,,,,,,,,,
rxn12458_c0,,,,,,,,,,,,,,,,,,,,,,,,,,,,,,,,,,,,,,,,
rxn12223_c0,,,,,,,,,,,,,,,,,,,,,,,,,,,,,,,,,,,,,,,,
rxn04954_c0,,,,,,,,,,,,,,,,,,,,,,,,,,,,,,,,,,,,,,,,
rxn12230_c0,,,,,,,,,,,,,,,,,,,,,,,,,,,,,,,,,,,,,,,,
rxn01011_c0,,,,,,,,,,,,,,,,,,,,,,,,,,,,,,,,,,,,,,,,
rxn12256_c0,,,,,,,,,,,,,,,,,,,,,,,,,,,,,,,,,,,,,,,,
rxn01192_c0,,,,,,,,,,,,,,,,,,,,,,,,,,,,,,,,,,,,,,,,
rxn03884_c0,,,,,,,,,,,,,,,,,,,,,,,,,,,,,,,,,,,,,,,,
rxn02804_c0,,,,,,,,,,,,,,,,,,,,,,,,,,,,,,,,,,,,,,,,
rxn05344_c0,,,,,,,,,,,,,,,,,,,,,,,,,,,,,,,,,,,,,,,,
rxn00126_c0,,,,,,,,,,,,,,,,,,,,,,,,,,,,,,,,,,,,,,,,
rxn12313_c0,,,,,,,,,,,,,,,,,,,,,,,,,,,,,,,,,,,,,,,,
rxn03243_c0,,,,,,,,,,,,,,,,,,,,,,,,,,,,,,,,,,,,,,,,
rxn05145_c0,,,,,,,,,,,,,,,,,,,,,,,,,,,,,,,,,,,,,,,,
rxn03031_c0,,,,,,,,,,,,,,,,,,,,,,,,,,,,,,,,,,,,,,,,
rxn02285_c0,,,,,,,,,,,,,,,,,,,,,,,,,,,,,,,,,,,,,,,,
rxn12439_c0,,,,,,,,,,,,,,,,,,,,,,,,,,,,,,,,,,,,,,,,
rxn03240_c0,,,,,,,,,,,,,,,,,,,,,,,,,,,,,,,,,,,,,,,,
rxn12354_c0,,,,,,,,,,,,,,,,,,,,,,,,,,,,,,,,,,,,,,,,
rxn12363_c0,,,,,,,,,,,,,,,,,,,,,,,,,,,,,,,,,,,,,,,,
rxn00568_c0,,,,,,,,,,,,,,,,,,,,,,,,,,,,,,,,,,,,,,,,
rxn00224_c0,,,,,,,,,,,,,,,,,,,,,,,,,,,,,,,,,,,,,,,,
rxn01218_c0,,,,,,,,,,,,,,,,,,,,,,,,,,,,,,,,,,,,,,,,
rxn02177_c0,,,,,,,,,,,,,,,,,,,,,,,,,,,,,,,,,,,,,,,,
rxn12437_c0,,,,,,,,,,,,,,,,,,,,,,,,,,,,,,,,,,,,,,,,
rxn00640_c0,,,,,,,,,,,,,,,,,,,,,,,,,,,,,,,,,,,,,,,,
rxn00903_c0,,,,,,,,,,,,,,,,,,,,,,,,,,,,,,,,,,,,,,,,
rxn12416_c0,,,,,,,,,,,,,,,,,,,,,,,,,,,,,,,,,,,,,,,,
rxn12390_c0,,,,,,,,,,,,,,,,,,,,,,,,,,,,,,,,,,,,,,,,
rxn02277_c0,,,,,,,,,,,,,,,,,,,,,,,,,,,,,,,,,,,,,,,,
rxn12388_c0,,,,,,,,,,,,,,,,,,,,,,,,,,,,,,,,,,,,,,,,
rxn12419_c0,,,,,,,,,,,,,,,,,,,,,,,,,,,,,,,,,,,,,,,,
rxn03181_c0,,,,,,,,,,,,,,,,,,,,,,,,,,,,,,,,,,,,,,,,
rxn00493_c0,,,,,,,,,,,,,,,,,,,,,,,,,,,,,,,,,,,,,,,,
rxn01545_c0,,,,,,,,,,,,,,,,,,,,,,,,,,,,,,,,,,,,,,,,
rxn01360_c0,,,,,,,,,,,,,,,,,,,,,,,,,,,,,,,,,,,,,,,,
rxn00159_c0,,,,,,,,,,,,,,,,,,,,,,,,,,,,,,,,,,,,,,,,
rxn01465_c0,,,,,,,,,,,,,,,,,,,,,,,,,,,,,,,,,,,,,,,,
rxn00834_c0,,,,,,,,,,,,,,,,,,,,,,,,,,,,,,,,,,,,,,,,
rxn05582_c0,,,,,,,,,,,,,,,,,,,,,,,,,,,,,,,,,,,,,,,,
rxn02143_c0,,,,,,,,,,,,,,,,,,,,,,,,,,,,,,,,,,,,,,,,
rxn12448_c0,,,,,,,,,,,,,,,,,,,,,,,,,,,,,,,,,,,,,,,,
rxn01301_c0,,,,,,,,,,,,,,,,,,,,,,,,,,,,,,,,,,,,,,,,
rxn02107_c0,,,,,,,,,,,,,,,,,,,,,,,,,,,,,,,,,,,,,,,,
CYT_DASH_UBIQUINOL_DASH_OXID_DASH_D_DASH_RXN,,,,,,,,,,,,,,,,,,,,,,,,,,,,,,,,,,,,,,,,
rxn12315_c0,,,,,,,,,,,,,,,,,,,,,,,,,,,,,,,,,,,,,,,,
rxn01268_c0,,,,,,,,,,,,,,,,,,,,,,,,,,,,,,,,,,,,,,,,
rxn05342_c0,,,,,,,,,,,,,,,,,,,,,,,,,,,,,,,,,,,,,,,,
rxn01211_c0,,,,,,,,,,,,,,,,,,,,,,,,,,,,,,,,,,,,,,,,
rxn00262_c0,,,,,,,,,,,,,,,,,,,,,,,,,,,,,,,,,,,,,,,,
rxn02297_c0,,,,,,,,,,,,,,,,,,,,,,,,,,,,,,,,,,,,,,,,
rxn00874_c0,,,,,,,,,,,,,,,,,,,,,,,,,,,,,,,,,,,,,,,,
rxn04070_c0,,,,,,,,,,,,,,,,,,,,,,,,,,,,,,,,,,,,,,,,
rxn00527_c0,,,,,,,,,,,,,,,,,,,,,,,,,,,,,,,,,,,,,,,,
rxn00549_c0,,,,,,,,,,,,,,,,,,,,,,,,,,,,,,,,,,,,,,,,
rxn01636_c0,,,,,,,,,,,,,,,,,,,,,,,,,,,,,,,,,,,,,,,,
rxn12450_c0,,,,,,,,,,,,,,,,,,,,,,,,,,,,,,,,,,,,,,,,
rxn00605_c0,,,,,,,,,,,,,,,,,,,,,,,,,,,,,,,,,,,,,,,,
rxn02286_c0,,,,,,,,,,,,,,,,,,,,,,,,,,,,,,,,,,,,,,,,
rxn00208_c0,,,,,,,,,,,,,,,,,,,,,,,,,,,,,,,,,,,,,,,,
rxn00806_c0,,,,,,,,,,,,,,,,,,,,,,,,,,,,,,,,,,,,,,,,
rxn00161_c0,,,,,,,,,,,,,,,,,,,,,,,,,,,,,,,,,,,,,,,,
rxn00463_c0,,,,,,,,,,,,,,,,,,,,,,,,,,,,,,,,,,,,,,,,
rxn12433_c0,,,,,,,,,,,,,,,,,,,,,,,,,,,,,,,,,,,,,,,,
rxn12268_c0,,,,,,,,,,,,,,,,,,,,,,,,,,,,,,,,,,,,,,,,
rxn01867_c0,,,,,,,,,,,,,,,,,,,,,,,,,,,,,,,,,,,,,,,,
rxn00342_c0,,,,,,,,,,,,,,,,,,,,,,,,,,,,,,,,,,,,,,,,
rxn12432_c0,,,,,,,,,,,,,,,,,,,,,,,,,,,,,,,,,,,,,,,,
rxn12455_c0,,,,,,,,,,,,,,,,,,,,,,,,,,,,,,,,,,,,,,,,
rxn00283_c0,,,,,,,,,,,,,,,,,,,,,,,,,,,,,,,,,,,,,,,,
rxn12229_c0,,,,,,,,,,,,,,,,,,,,,,,,,,,,,,,,,,,,,,,,
rxn00206_c0,,,,,,,,,,,,,,,,,,,,,,,,,,,,,,,,,,,,,,,,
rxn08173_c0,,,,,,,,,,,,,,,,,,,,,,,,,,,,,,,,,,,,,,,,
rxn12326_c0,,,,,,,,,,,,,,,,,,,,,,,,,,,,,,,,,,,,,,,,
TRANS_DASH_RXNIM_DASH_5771,,,,,,,,,,,,,,,,,,,,,,,,,,,,,,,,,,,,,,,,
rxn02175_c0,,,,,,,,,,,,,,,,,,,,,,,,,,,,,,,,,,,,,,,,
rxn12431_c0,,,,,,,,,,,,,,,,,,,,,,,,,,,,,,,,,,,,,,,,
rxn00689_c0,,,,,,,,,,,,,,,,,,,,,,,,,,,,,,,,,,,,,,,,
rxn02927_c0,,,,,,,,,,,,,,,,,,,,,,,,,,,,,,,,,,,,,,,,
rxn00727_c0,,,,,,,,,,,,,,,,,,,,,,,,,,,,,,,,,,,,,,,,
rxn00001_c0,,,,,,,,,,,,,,,,,,,,,,,,,,,,,,,,,,,,,,,,
rxn00872_c0,,,,,,,,,,,,,,,,,,,,,,,,,,,,,,,,,,,,,,,,
rxn41902_c0,,,,,,,,,,,,,,,,,,,,,,,,,,,,,,,,,,,,,,,,
rxn02056_c0,,,,,,,,,,,,,,,,,,,,,,,,,,,,,,,,,,,,,,,,
rxn00676_c0,,,,,,,,,,,,,,,,,,,,,,,,,,,,,,,,,,,,,,,,
rxn12321_c0,,,,,,,,,,,,,,,,,,,,,,,,,,,,,,,,,,,,,,,,
rxn09177_c0,,,,,,,,,,,,,,,,,,,,,,,,,,,,,,,,,,,,,,,,
rxn09167_c0,,,,,,,,,,,,,,,,,,,,,,,,,,,,,,,,,,,,,,,,
rxn01255_c0,,,,,,,,,,,,,,,,,,,,,,,,,,,,,,,,,,,,,,,,
rxn05327_c0,,,,,,,,,,,,,,,,,,,,,,,,,,,,,,,,,,,,,,,,
rxn12263_c0,,,,,,,,,,,,,,,,,,,,,,,,,,,,,,,,,,,,,,,,
rxn41196_c0,,,,,,,,,,,,,,,,,,,,,,,,,,,,,,,,,,,,,,,,
rxn12405_c0,,,,,,,,,,,,,,,,,,,,,,,,,,,,,,,,,,,,,,,,
rxn03638_c0,,,,,,,,,,,,,,,,,,,,,,,,,,,,,,,,,,,,,,,,
rxn00674_c0,,,,,,,,,,,,,,,,,,,,,,,,,,,,,,,,,,,,,,,,
rxn01258_c0,,,,,,,,,,,,,,,,,,,,,,,,,,,,,,,,,,,,,,,,
rxn12289_c0,,,,,,,,,,,,,,,,,,,,,,,,,,,,,,,,,,,,,,,,
rxn08981_c0,,,,,,,,,,,,,,,,,,,,,,,,,,,,,,,,,,,,,,,,
rxn09188_c0,,,,,,,,,,,,,,,,,,,,,,,,,,,,,,,,,,,,,,,,
rxn02895_c0,,,,,,,,,,,,,,,,,,,,,,,,,,,,,,,,,,,,,,,,
rxn01989_c0,,,,,,,,,,,,,,,,,,,,,,,,,,,,,,,,,,,,,,,,
rxn05602_c0,,,,,,,,,,,,,,,,,,,,,,,,,,,,,,,,,,,,,,,,
GLYCEROL_DASH_3_DASH_P_DASH_ACYLTRANSFER_DASH_TAG_DASH_RXN,,,,,,,,,,,,,,,,,,,,,,,,,,,,,,,,,,,,,,,,
rxn05197_c0,,,,,,,,,,,,,,,,,,,,,,,,,,,,,,,,,,,,,,,,
rxn05470_c0,,,,,,,,,,,,,,,,,,,,,,,,,,,,,,,,,,,,,,,,
rxn12284_c0,,,,,,,,,,,,,,,,,,,,,,,,,,,,,,,,,,,,,,,,
rxn08999_c0,,,,,,,,,,,,,,,,,,,,,,,,,,,,,,,,,,,,,,,,
rxn01226_c0,,,,,,,,,,,,,,,,,,,,,,,,,,,,,,,,,,,,,,,,
rxn03900_c0,,,,,,,,,,,,,,,,,,,,,,,,,,,,,,,,,,,,,,,,
rxn00839_c0,,,,,,,,,,,,,,,,,,,,,,,,,,,,,,,,,,,,,,,,
rxn04996_c0,,,,,,,,,,,,,,,,,,,,,,,,,,,,,,,,,,,,,,,,
rxn03439_c0,,,,,,,,,,,,,,,,,,,,,,,,,,,,,,,,,,,,,,,,
rxn12317_c0,,,,,,,,,,,,,,,,,,,,,,,,,,,,,,,,,,,,,,,,
rxn01117_c0,,,,,,,,,,,,,,,,,,,,,,,,,,,,,,,,,,,,,,,,
rxn23789_c0,,,,,,,,,,,,,,,,,,,,,,,,,,,,,,,,,,,,,,,,
rxn00196_c0,,,,,,,,,,,,,,,,,,,,,,,,,,,,,,,,,,,,,,,,
rxn12446_c0,,,,,,,,,,,,,,,,,,,,,,,,,,,,,,,,,,,,,,,,
rxn00256_c0,,,,,,,,,,,,,,,,,,,,,,,,,,,,,,,,,,,,,,,,
rxn00588_c0,,,,,,,,,,,,,,,,,,,,,,,,,,,,,,,,,,,,,,,,
rxn12371_c0,,,,,,,,,,,,,,,,,,,,,,,,,,,,,,,,,,,,,,,,
rxn03164_c0,,,,,,,,,,,,,,,,,,,,,,,,,,,,,,,,,,,,,,,,
rxn03893_c0,,,,,,,,,,,,,,,,,,,,,,,,,,,,,,,,,,,,,,,,
rxn00420_c0,,,,,,,,,,,,,,,,,,,,,,,,,,,,,,,,,,,,,,,,
rxn12449_c0,,,,,,,,,,,,,,,,,,,,,,,,,,,,,,,,,,,,,,,,
rxn00213_c0,,,,,,,,,,,,,,,,,,,,,,,,,,,,,,,,,,,,,,,,
rxn03061_c0,,,,,,,,,,,,,,,,,,,,,,,,,,,,,,,,,,,,,,,,
rxn01213_c0,,,,,,,,,,,,,,,,,,,,,,,,,,,,,,,,,,,,,,,,
rxn02149_c0,,,,,,,,,,,,,,,,,,,,,,,,,,,,,,,,,,,,,,,,
rxn05347_c0,,,,,,,,,,,,,,,,,,,,,,,,,,,,,,,,,,,,,,,,
rxn12459_c0,,,,,,,,,,,,,,,,,,,,,,,,,,,,,,,,,,,,,,,,
rxn03241_c0,,,,,,,,,,,,,,,,,,,,,,,,,,,,,,,,,,,,,,,,
rxn00006_c0,,,,,,,,,,,,,,,,,,,,,,,,,,,,,,,,,,,,,,,,
rxn02402_c0,,,,,,,,,,,,,,,,,,,,,,,,,,,,,,,,,,,,,,,,
rxn01973_c0,,,,,,,,,,,,,,,,,,,,,,,,,,,,,,,,,,,,,,,,
3_DASH_DEHYDROQUINATE_DASH_DEHYDRATASE_DASH_RXN,,,,,,,,,,,,,,,,,,,,,,,,,,,,,,,,,,,,,,,,
rxn00558_c0,,,,,,,,,,,,,,,,,,,,,,,,,,,,,,,,,,,,,,,,
rxn10092_c0,,,,,,,,,,,,,,,,,,,,,,,,,,,,,,,,,,,,,,,,
rxn02929_c0,,,,,,,,,,,,,,,,,,,,,,,,,,,,,,,,,,,,,,,,
rxn02159_c0,,,,,,,,,,,,,,,,,,,,,,,,,,,,,,,,,,,,,,,,
rxn03175_c0,,,,,,,,,,,,,,,,,,,,,,,,,,,,,,,,,,,,,,,,
rxn01466_c0,,,,,,,,,,,,,,,,,,,,,,,,,,,,,,,,,,,,,,,,
rxn12392_c0,,,,,,,,,,,,,,,,,,,,,,,,,,,,,,,,,,,,,,,,
rxn09449_c0,,,,,,,,,,,,,,,,,,,,,,,,,,,,,,,,,,,,,,,,
rxn01333_c0,,,,,,,,,,,,,,,,,,,,,,,,,,,,,,,,,,,,,,,,
rxn00717_c0,,,,,,,,,,,,,,,,,,,,,,,,,,,,,,,,,,,,,,,,
rxn02474_c0,,,,,,,,,,,,,,,,,,,,,,,,,,,,,,,,,,,,,,,,
rxn01102_c0,,,,,,,,,,,,,,,,,,,,,,,,,,,,,,,,,,,,,,,,
rxn02789_c0,,,,,,,,,,,,,,,,,,,,,,,,,,,,,,,,,,,,,,,,
rxn12420_c0,,,,,,,,,,,,,,,,,,,,,,,,,,,,,,,,,,,,,,,,
rxn06777_c0,,,,,,,,,,,,,,,,,,,,,,,,,,,,,,,,,,,,,,,,
rxn12324_c0,,,,,,,,,,,,,,,,,,,,,,,,,,,,,,,,,,,,,,,,
rxn01018_c0,,,,,,,,,,,,,,,,,,,,,,,,,,,,,,,,,,,,,,,,
rxn12329_c0,,,,,,,,,,,,,,,,,,,,,,,,,,,,,,,,,,,,,,,,
rxn00952_c0,,,,,,,,,,,,,,,,,,,,,,,,,,,,,,,,,,,,,,,,
rxn00285_c0,,,,,,,,,,,,,,,,,,,,,,,,,,,,,,,,,,,,,,,,
rxn00790_c0,,,,,,,,,,,,,,,,,,,,,,,,,,,,,,,,,,,,,,,,
rxn06139_c0,,,,,,,,,,,,,,,,,,,,,,,,,,,,,,,,,,,,,,,,
rxn12456_c0,,,,,,,,,,,,,,,,,,,,,,,,,,,,,,,,,,,,,,,,
rxn04752_c0,,,,,,,,,,,,,,,,,,,,,,,,,,,,,,,,,,,,,,,,
rxn00048_c0,,,,,,,,,,,,,,,,,,,,,,,,,,,,,,,,,,,,,,,,
rxn02369_c0,,,,,,,,,,,,,,,,,,,,,,,,,,,,,,,,,,,,,,,,
rxn02507_c0,,,,,,,,,,,,,,,,,,,,,,,,,,,,,,,,,,,,,,,,
rxn00260_c0,,,,,,,,,,,,,,,,,,,,,,,,,,,,,,,,,,,,,,,,
rxn02201_c0,,,,,,,,,,,,,,,,,,,,,,,,,,,,,,,,,,,,,,,,
rxn09193_c0,,,,,,,,,,,,,,,,,,,,,,,,,,,,,,,,,,,,,,,,
rxn00772_c0,,,,,,,,,,,,,,,,,,,,,,,,,,,,,,,,,,,,,,,,
rxn12428_c0,,,,,,,,,,,,,,,,,,,,,,,,,,,,,,,,,,,,,,,,
rxn08373_c0,,,,,,,,,,,,,,,,,,,,,,,,,,,,,,,,,,,,,,,,
rxn08302_c0,,,,,,,,,,,,,,,,,,,,,,,,,,,,,,,,,,,,,,,,
rxn05465_c0,,,,,,,,,,,,,,,,,,,,,,,,,,,,,,,,,,,,,,,,
rxn08444_c0,,,,,,,,,,,,,,,,,,,,,,,,,,,,,,,,,,,,,,,,
rxn00838_c0,,,,,,,,,,,,,,,,,,,,,,,,,,,,,,,,,,,,,,,,
rxn05331_c0,,,,,,,,,,,,,,,,,,,,,,,,,,,,,,,,,,,,,,,,
rxn00786_c0,,,,,,,,,,,,,,,,,,,,,,,,,,,,,,,,,,,,,,,,
rxn00237_c0,,,,,,,,,,,,,,,,,,,,,,,,,,,,,,,,,,,,,,,,
rxn03909_c0,,,,,,,,,,,,,,,,,,,,,,,,,,,,,,,,,,,,,,,,
rxn06076_c0,,,,,,,,,,,,,,,,,,,,,,,,,,,,,,,,,,,,,,,,
rxn12386_c0,,,,,,,,,,,,,,,,,,,,,,,,,,,,,,,,,,,,,,,,
rxn08639_c0,,,,,,,,,,,,,,,,,,,,,,,,,,,,,,,,,,,,,,,,
rxn03004_c0,,,,,,,,,,,,,,,,,,,,,,,,,,,,,,,,,,,,,,,,
rxn46689_c0,,,,,,,,,,,,,,,,,,,,,,,,,,,,,,,,,,,,,,,,
rxn12233_c0,,,,,,,,,,,,,,,,,,,,,,,,,,,,,,,,,,,,,,,,
rxn01225_c0,,,,,,,,,,,,,,,,,,,,,,,,,,,,,,,,,,,,,,,,
rxn00002_c0,,,,,,,,,,,,,,,,,,,,,,,,,,,,,,,,,,,,,,,,
rxn12269_c0,,,,,,,,,,,,,,,,,,,,,,,,,,,,,,,,,,,,,,,,
rxn00348_c0,,,,,,,,,,,,,,,,,,,,,,,,,,,,,,,,,,,,,,,,
rxn20583_c0,,,,,,,,,,,,,,,,,,,,,,,,,,,,,,,,,,,,,,,,
rxn00141_c0,,,,,,,,,,,,,,,,,,,,,,,,,,,,,,,,,,,,,,,,
rxn00836_c0,,,,,,,,,,,,,,,,,,,,,,,,,,,,,,,,,,,,,,,,
rxn12427_c0,,,,,,,,,,,,,,,,,,,,,,,,,,,,,,,,,,,,,,,,
rxn00875_c0,,,,,,,,,,,,,,,,,,,,,,,,,,,,,,,,,,,,,,,,
TRANS_DASH_RXNIM_DASH_5895,,,,,,,,,,,,,,,,,,,,,,,,,,,,,,,,,,,,,,,,
rxn12264_c0,,,,,,,,,,,,,,,,,,,,,,,,,,,,,,,,,,,,,,,,
rxn00346_c0,,,,,,,,,,,,,,,,,,,,,,,,,,,,,,,,,,,,,,,,
rxn09310_c0,,,,,,,,,,,,,,,,,,,,,,,,,,,,,,,,,,,,,,,,
rxn40608_c0,,,,,,,,,,,,,,,,,,,,,,,,,,,,,,,,,,,,,,,,
rxn12394_c0,,,,,,,,,,,,,,,,,,,,,,,,,,,,,,,,,,,,,,,,
rxn12403_c0,,,,,,,,,,,,,,,,,,,,,,,,,,,,,,,,,,,,,,,,
rxn01509_c0,,,,,,,,,,,,,,,,,,,,,,,,,,,,,,,,,,,,,,,,
rxn00686_c0,,,,,,,,,,,,,,,,,,,,,,,,,,,,,,,,,,,,,,,,
rxn12504_c0,,,,,,,,,,,,,,,,,,,,,,,,,,,,,,,,,,,,,,,,
rxn01964_c0,,,,,,,,,,,,,,,,,,,,,,,,,,,,,,,,,,,,,,,,
rxn47732_c0,,,,,,,,,,,,,,,,,,,,,,,,,,,,,,,,,,,,,,,,
rxn02939_c0,,,,,,,,,,,,,,,,,,,,,,,,,,,,,,,,,,,,,,,,
rxn00915_c0,,,,,,,,,,,,,,,,,,,,,,,,,,,,,,,,,,,,,,,,
rxn01575_c0,,,,,,,,,,,,,,,,,,,,,,,,,,,,,,,,,,,,,,,,
rxn01365_c0,,,,,,,,,,,,,,,,,,,,,,,,,,,,,,,,,,,,,,,,
rxn00831_c0,,,,,,,,,,,,,,,,,,,,,,,,,,,,,,,,,,,,,,,,
rxn02680_c0,,,,,,,,,,,,,,,,,,,,,,,,,,,,,,,,,,,,,,,,
rxn02937_c0,,,,,,,,,,,,,,,,,,,,,,,,,,,,,,,,,,,,,,,,
rxn03248_c0,,,,,,,,,,,,,,,,,,,,,,,,,,,,,,,,,,,,,,,,
TRANS_DASH_RXN_DASH_MALONATE,,,,,,,,,,,,,,,,,,,,,,,,,,,,,,,,,,,,,,,,
rxn09453_c0,,,,,,,,,,,,,,,,,,,,,,,,,,,,,,,,,,,,,,,,
rxn41927_c0,,,,,,,,,,,,,,,,,,,,,,,,,,,,,,,,,,,,,,,,
rxn06442_c0,,,,,,,,,,,,,,,,,,,,,,,,,,,,,,,,,,,,,,,,
rxn05289_c0,,,,,,,,,,,,,,,,,,,,,,,,,,,,,,,,,,,,,,,,
rxn03880_c0,,,,,,,,,,,,,,,,,,,,,,,,,,,,,,,,,,,,,,,,
rxn08447_c0,,,,,,,,,,,,,,,,,,,,,,,,,,,,,,,,,,,,,,,,
rxn03617_c0,,,,,,,,,,,,,,,,,,,,,,,,,,,,,,,,,,,,,,,,
rxn00289_c0,,,,,,,,,,,,,,,,,,,,,,,,,,,,,,,,,,,,,,,,
rxn12291_c0,,,,,,,,,,,,,,,,,,,,,,,,,,,,,,,,,,,,,,,,
rxn01388_c0,,,,,,,,,,,,,,,,,,,,,,,,,,,,,,,,,,,,,,,,
rxn00789_c0,,,,,,,,,,,,,,,,,,,,,,,,,,,,,,,,,,,,,,,,
rxn01277_c0,,,,,,,,,,,,,,,,,,,,,,,,,,,,,,,,,,,,,,,,
rxn12287_c0,,,,,,,,,,,,,,,,,,,,,,,,,,,,,,,,,,,,,,,,
rxn05005_c0,,,,,,,,,,,,,,,,,,,,,,,,,,,,,,,,,,,,,,,,
rxn01137_c0,,,,,,,,,,,,,,,,,,,,,,,,,,,,,,,,,,,,,,,,
rxn12311_c0,,,,,,,,,,,,,,,,,,,,,,,,,,,,,,,,,,,,,,,,
rxn00691_c0,,,,,,,,,,,,,,,,,,,,,,,,,,,,,,,,,,,,,,,,
rxn04113_c0,,,,,,,,,,,,,,,,,,,,,,,,,,,,,,,,,,,,,,,,
rxn12206_c0,,,,,,,,,,,,,,,,,,,,,,,,,,,,,,,,,,,,,,,,
rxn01222_c0,,,,,,,,,,,,,,,,,,,,,,,,,,,,,,,,,,,,,,,,
rxn47838_c0,,,,,,,,,,,,,,,,,,,,,,,,,,,,,,,,,,,,,,,,
rxn00559_c0,,,,,,,,,,,,,,,,,,,,,,,,,,,,,,,,,,,,,,,,
TRANS_DASH_RXNIM_DASH_5803,,,,,,,,,,,,,,,,,,,,,,,,,,,,,,,,,,,,,,,,
rxn01672_c0,,,,,,,,,,,,,,,,,,,,,,,,,,,,,,,,,,,,,,,,
rxn12281_c0,,,,,,,,,,,,,,,,,,,,,,,,,,,,,,,,,,,,,,,,
rxn00777_c0,,,,,,,,,,,,,,,,,,,,,,,,,,,,,,,,,,,,,,,,
rxn01544_c0,,,,,,,,,,,,,,,,,,,,,,,,,,,,,,,,,,,,,,,,
rxn00239_c0,,,,,,,,,,,,,,,,,,,,,,,,,,,,,,,,,,,,,,,,
rxn02144_c0,,,,,,,,,,,,,,,,,,,,,,,,,,,,,,,,,,,,,,,,
rxn00105_c0,,,,,,,,,,,,,,,,,,,,,,,,,,,,,,,,,,,,,,,,
rxn00832_c0,,,,,,,,,,,,,,,,,,,,,,,,,,,,,,,,,,,,,,,,
rxn05579_c0,,,,,,,,,,,,,,,,,,,,,,,,,,,,,,,,,,,,,,,,
rxn12325_c0,,,,,,,,,,,,,,,,,,,,,,,,,,,,,,,,,,,,,,,,
rxn03408_c0,,,,,,,,,,,,,,,,,,,,,,,,,,,,,,,,,,,,,,,,
rxn00119_c0,,,,,,,,,,,,,,,,,,,,,,,,,,,,,,,,,,,,,,,,
rxn12454_c0,,,,,,,,,,,,,,,,,,,,,,,,,,,,,,,,,,,,,,,,
rxn00097_c0,,,,,,,,,,,,,,,,,,,,,,,,,,,,,,,,,,,,,,,,
rxn02803_c0,,,,,,,,,,,,,,,,,,,,,,,,,,,,,,,,,,,,,,,,
rxn00800_c0,,,,,,,,,,,,,,,,,,,,,,,,,,,,,,,,,,,,,,,,
rxn00102_c0,,,,,,,,,,,,,,,,,,,,,,,,,,,,,,,,,,,,,,,,
rxn02373_c0,,,,,,,,,,,,,,,,,,,,,,,,,,,,,,,,,,,,,,,,
rxn03901_c0,,,,,,,,,,,,,,,,,,,,,,,,,,,,,,,,,,,,,,,,
rxn02465_c0,,,,,,,,,,,,,,,,,,,,,,,,,,,,,,,,,,,,,,,,
rxn00974_c0,,,,,,,,,,,,,,,,,,,,,,,,,,,,,,,,,,,,,,,,
rxn12246_c0,,,,,,,,,,,,,,,,,,,,,,,,,,,,,,,,,,,,,,,,
rxn12267_c0,,,,,,,,,,,,,,,,,,,,,,,,,,,,,,,,,,,,,,,,
rxn00638_c0,,,,,,,,,,,,,,,,,,,,,,,,,,,,,,,,,,,,,,,,
rxn12234_c0,,,,,,,,,,,,,,,,,,,,,,,,,,,,,,,,,,,,,,,,
rxn01513_c0,,,,,,,,,,,,,,,,,,,,,,,,,,,,,,,,,,,,,,,,
rxn01100_c0,,,,,,,,,,,,,,,,,,,,,,,,,,,,,,,,,,,,,,,,
rxn00351_c0,,,,,,,,,,,,,,,,,,,,,,,,,,,,,,,,,,,,,,,,
rxn12389_c0,,,,,,,,,,,,,,,,,,,,,,,,,,,,,,,,,,,,,,,,
rxn00533_c0,,,,,,,,,,,,,,,,,,,,,,,,,,,,,,,,,,,,,,,,
rxn08792_c0,,,,,,,,,,,,,,,,,,,,,,,,,,,,,,,,,,,,,,,,
rxn02835_c0,,,,,,,,,,,,,,,,,,,,,,,,,,,,,,,,,,,,,,,,
rxn03866_c0,,,,,,,,,,,,,,,,,,,,,,,,,,,,,,,,,,,,,,,,
rxn05337_c0,,,,,,,,,,,,,,,,,,,,,,,,,,,,,,,,,,,,,,,,
rxn44277_c0,,,,,,,,,,,,,,,,,,,,,,,,,,,,,,,,,,,,,,,,
rxn02341_c0,,,,,,,,,,,,,,,,,,,,,,,,,,,,,,,,,,,,,,,,
rxn03247_c0,,,,,,,,,,,,,,,,,,,,,,,,,,,,,,,,,,,,,,,,
rxn12318_c0,,,,,,,,,,,,,,,,,,,,,,,,,,,,,,,,,,,,,,,,
rxn01000_c0,,,,,,,,,,,,,,,,,,,,,,,,,,,,,,,,,,,,,,,,
rxn08096_c0,,,,,,,,,,,,,,,,,,,,,,,,,,,,,,,,,,,,,,,,
rxn12434_c0,,,,,,,,,,,,,,,,,,,,,,,,,,,,,,,,,,,,,,,,
rxn01332_c0,,,,,,,,,,,,,,,,,,,,,,,,,,,,,,,,,,,,,,,,
rxn02679_c0,,,,,,,,,,,,,,,,,,,,,,,,,,,,,,,,,,,,,,,,
rxn12444_c0,,,,,,,,,,,,,,,,,,,,,,,,,,,,,,,,,,,,,,,,
rxn00412_c0,,,,,,,,,,,,,,,,,,,,,,,,,,,,,,,,,,,,,,,,
rxn05325_c0,,,,,,,,,,,,,,,,,,,,,,,,,,,,,,,,,,,,,,,,
rxn12457_c0,,,,,,,,,,,,,,,,,,,,,,,,,,,,,,,,,,,,,,,,
rxn05348_c0,,,,,,,,,,,,,,,,,,,,,,,,,,,,,,,,,,,,,,,,
rxn12451_c0,,,,,,,,,,,,,,,,,,,,,,,,,,,,,,,,,,,,,,,,
rxn00902_c0,,,,,,,,,,,,,,,,,,,,,,,,,,,,,,,,,,,,,,,,
rxn00336_c0,,,,,,,,,,,,,,,,,,,,,,,,,,,,,,,,,,,,,,,,
rxn00248_c0,,,,,,,,,,,,,,,,,,,,,,,,,,,,,,,,,,,,,,,,
rxn00584_c0,,,,,,,,,,,,,,,,,,,,,,,,,,,,,,,,,,,,,,,,
rxn12423_c0,,,,,,,,,,,,,,,,,,,,,,,,,,,,,,,,,,,,,,,,
rxn00543_c0,,,,,,,,,,,,,,,,,,,,,,,,,,,,,,,,,,,,,,,,
rxn12400_c0,,,,,,,,,,,,,,,,,,,,,,,,,,,,,,,,,,,,,,,,
rxn05146_c0,,,,,,,,,,,,,,,,,,,,,,,,,,,,,,,,,,,,,,,,
rxn48506_c0,,,,,,,,,,,,,,,,,,,,,,,,,,,,,,,,,,,,,,,,
rxn05233_c0,,,,,,,,,,,,,,,,,,,,,,,,,,,,,,,,,,,,,,,,
rxn08614_c0,,,,,,,,,,,,,,,,,,,,,,,,,,,,,,,,,,,,,,,,
rxn03062_c0,,,,,,,,,,,,,,,,,,,,,,,,,,,,,,,,,,,,,,,,
rxn00863_c0,,,,,,,,,,,,,,,,,,,,,,,,,,,,,,,,,,,,,,,,
rxn05332_c0,,,,,,,,,,,,,,,,,,,,,,,,,,,,,,,,,,,,,,,,
rxn00791_c0,,,,,,,,,,,,,,,,,,,,,,,,,,,,,,,,,,,,,,,,
rxn03147_c0,,,,,,,,,,,,,,,,,,,,,,,,,,,,,,,,,,,,,,,,
rxn01094_c0,,,,,,,,,,,,,,,,,,,,,,,,,,,,,,,,,,,,,,,,
rxn09042_c0,,,,,,,,,,,,,,,,,,,,,,,,,,,,,,,,,,,,,,,,
rxn08525_c0,,,,,,,,,,,,,,,,,,,,,,,,,,,,,,,,,,,,,,,,
rxn00985_c0,,,,,,,,,,,,,,,,,,,,,,,,,,,,,,,,,,,,,,,,
rxn05735_c0,,,,,,,,,,,,,,,,,,,,,,,,,,,,,,,,,,,,,,,,
rxn02720_c0,,,,,,,,,,,,,,,,,,,,,,,,,,,,,,,,,,,,,,,,
rxn05298_c0,,,,,,,,,,,,,,,,,,,,,,,,,,,,,,,,,,,,,,,,
rxn01521_c0,,,,,,,,,,,,,,,,,,,,,,,,,,,,,,,,,,,,,,,,
rxn02782_c0,,,,,,,,,,,,,,,,,,,,,,,,,,,,,,,,,,,,,,,,
rxn00623_c0,,,,,,,,,,,,,,,,,,,,,,,,,,,,,,,,,,,,,,,,
rxn00938_c0,,,,,,,,,,,,,,,,,,,,,,,,,,,,,,,,,,,,,,,,
rxn12250_c0,,,,,,,,,,,,,,,,,,,,,,,,,,,,,,,,,,,,,,,,
rxn08556_c0,,,,,,,,,,,,,,,,,,,,,,,,,,,,,,,,,,,,,,,,
rxn12425_c0,,,,,,,,,,,,,,,,,,,,,,,,,,,,,,,,,,,,,,,,
rxn09452_c0,,,,,,,,,,,,,,,,,,,,,,,,,,,,,,,,,,,,,,,,
rxn00776_c0,,,,,,,,,,,,,,,,,,,,,,,,,,,,,,,,,,,,,,,,
rxn01740_c0,,,,,,,,,,,,,,,,,,,,,,,,,,,,,,,,,,,,,,,,
rxn01961_c0,,,,,,,,,,,,,,,,,,,,,,,,,,,,,,,,,,,,,,,,
rxn12276_c0,,,,,,,,,,,,,,,,,,,,,,,,,,,,,,,,,,,,,,,,
rxn02405_c0,,,,,,,,,,,,,,,,,,,,,,,,,,,,,,,,,,,,,,,,
rxn12319_c0,,,,,,,,,,,,,,,,,,,,,,,,,,,,,,,,,,,,,,,,
rxn00225_c0,,,,,,,,,,,,,,,,,,,,,,,,,,,,,,,,,,,,,,,,
rxn01512_c0,,,,,,,,,,,,,,,,,,,,,,,,,,,,,,,,,,,,,,,,
rxn20526_c0,,,,,,,,,,,,,,,,,,,,,,,,,,,,,,,,,,,,,,,,
rxn12248_c0,,,,,,,,,,,,,,,,,,,,,,,,,,,,,,,,,,,,,,,,
rxn03242_c0,,,,,,,,,,,,,,,,,,,,,,,,,,,,,,,,,,,,,,,,
rxn00173_c0,,,,,,,,,,,,,,,,,,,,,,,,,,,,,,,,,,,,,,,,
rxn00337_c0,,,,,,,,,,,,,,,,,,,,,,,,,,,,,,,,,,,,,,,,
rxn08441_c0,,,,,,,,,,,,,,,,,,,,,,,,,,,,,,,,,,,,,,,,
rxn05115_c0,,,,,,,,,,,,,,,,,,,,,,,,,,,,,,,,,,,,,,,,
rxn00993_c0,,,,,,,,,,,,,,,,,,,,,,,,,,,,,,,,,,,,,,,,
rxn03239_c0,,,,,,,,,,,,,,,,,,,,,,,,,,,,,,,,,,,,,,,,
1_DASH_ACYLGLYCEROL_DASH_3_DASH_P_DASH_ACYLTRANSFER_DASH_PL_DASH_RXN,,,,,,,,,,,,,,,,,,,,,,,,,,,,,,,,,,,,,,,,
rxn05336_c0,,,,,,,,,,,,,,,,,,,,,,,,,,,,,,,,,,,,,,,,
rxn03075_c0,,,,,,,,,,,,,,,,,,,,,,,,,,,,,,,,,,,,,,,,
rxn12413_c0,,,,,,,,,,,,,,,,,,,,,,,,,,,,,,,,,,,,,,,,
rxn12327_c0,,,,,,,,,,,,,,,,,,,,,,,,,,,,,,,,,,,,,,,,
rxn02404_c0,,,,,,,,,,,,,,,,,,,,,,,,,,,,,,,,,,,,,,,,
rxn03251_c0,,,,,,,,,,,,,,,,,,,,,,,,,,,,,,,,,,,,,,,,
rxn00693_c0,,,,,,,,,,,,,,,,,,,,,,,,,,,,,,,,,,,,,,,,
rxn01107_c0,,,,,,,,,,,,,,,,,,,,,,,,,,,,,,,,,,,,,,,,
rxn05215_c0,,,,,,,,,,,,,,,,,,,,,,,,,,,,,,,,,,,,,,,,
rxn00459_c0,,,,,,,,,,,,,,,,,,,,,,,,,,,,,,,,,,,,,,,,
rxn12242_c0,,,,,,,,,,,,,,,,,,,,,,,,,,,,,,,,,,,,,,,,
rxn01462_c0,,,,,,,,,,,,,,,,,,,,,,,,,,,,,,,,,,,,,,,,
rxn12237_c0,,,,,,,,,,,,,,,,,,,,,,,,,,,,,,,,,,,,,,,,
rxn12273_c0,,,,,,,,,,,,,,,,,,,,,,,,,,,,,,,,,,,,,,,,
rxn12374_c0,,,,,,,,,,,,,,,,,,,,,,,,,,,,,,,,,,,,,,,,
rxn12500_c0,,,,,,,,,,,,,,,,,,,,,,,,,,,,,,,,,,,,,,,,
TRANS_DASH_RXN_DASH_201,,,,,,,,,,,,,,,,,,,,,,,,,,,,,,,,,,,,,,,,
rxn12385_c0,,,,,,,,,,,,,,,,,,,,,,,,,,,,,,,,,,,,,,,,
rxn08767_c0,,,,,,,,,,,,,,,,,,,,,,,,,,,,,,,,,,,,,,,,
rxn05153_c0,,,,,,,,,,,,,,,,,,,,,,,,,,,,,,,,,,,,,,,,
rxn12297_c0,,,,,,,,,,,,,,,,,,,,,,,,,,,,,,,,,,,,,,,,
rxn00781_c0,,,,,,,,,,,,,,,,,,,,,,,,,,,,,,,,,,,,,,,,
rxn09444_c0,,,,,,,,,,,,,,,,,,,,,,,,,,,,,,,,,,,,,,,,
rxn05256_c0,,,,,,,,,,,,,,,,,,,,,,,,,,,,,,,,,,,,,,,,
rxn00912_c0,,,,,,,,,,,,,,,,,,,,,,,,,,,,,,,,,,,,,,,,
rxn04308_c0,,,,,,,,,,,,,,,,,,,,,,,,,,,,,,,,,,,,,,,,
rxn00941_c0,,,,,,,,,,,,,,,,,,,,,,,,,,,,,,,,,,,,,,,,
rxn01286_c0,,,,,,,,,,,,,,,,,,,,,,,,,,,,,,,,,,,,,,,,
rxn00671_c0,,,,,,,,,,,,,,,,,,,,,,,,,,,,,,,,,,,,,,,,
rxn08043_c0,,,,,,,,,,,,,,,,,,,,,,,,,,,,,,,,,,,,,,,,
rxn03087_c0,,,,,,,,,,,,,,,,,,,,,,,,,,,,,,,,,,,,,,,,
rxn01204_c0,,,,,,,,,,,,,,,,,,,,,,,,,,,,,,,,,,,,,,,,
rxn01791_c0,,,,,,,,,,,,,,,,,,,,,,,,,,,,,,,,,,,,,,,,
rxn03136_c0,,,,,,,,,,,,,,,,,,,,,,,,,,,,,,,,,,,,,,,,
rxn08900_c0,,,,,,,,,,,,,,,,,,,,,,,,,,,,,,,,,,,,,,,,
rxn05114_c0,,,,,,,,,,,,,,,,,,,,,,,,,,,,,,,,,,,,,,,,
rxn00171_c0,,,,,,,,,,,,,,,,,,,,,,,,,,,,,,,,,,,,,,,,
rxn00799_c0,,,,,,,,,,,,,,,,,,,,,,,,,,,,,,,,,,,,,,,,
rxn00980_c0,,,,,,,,,,,,,,,,,,,,,,,,,,,,,,,,,,,,,,,,
rxn05330_c0,,,,,,,,,,,,,,,,,,,,,,,,,,,,,,,,,,,,,,,,
rxn05328_c0,,,,,,,,,,,,,,,,,,,,,,,,,,,,,,,,,,,,,,,,
rxn12312_c0,,,,,,,,,,,,,,,,,,,,,,,,,,,,,,,,,,,,,,,,
rxn06090_c0,,,,,,,,,,,,,,,,,,,,,,,,,,,,,,,,,,,,,,,,
rxn02504_c0,,,,,,,,,,,,,,,,,,,,,,,,,,,,,,,,,,,,,,,,
rxn43380_c0,,,,,,,,,,,,,,,,,,,,,,,,,,,,,,,,,,,,,,,,
rxn41935_c0,,,,,,,,,,,,,,,,,,,,,,,,,,,,,,,,,,,,,,,,
rxn03841_c0,,,,,,,,,,,,,,,,,,,,,,,,,,,,,,,,,,,,,,,,
rxn04750_c0,,,,,,,,,,,,,,,,,,,,,,,,,,,,,,,,,,,,,,,,
rxn00392_c0,,,,,,,,,,,,,,,,,,,,,,,,,,,,,,,,,,,,,,,,
rxn01032_c0,,,,,,,,,,,,,,,,,,,,,,,,,,,,,,,,,,,,,,,,
rxn05221_c0,,,,,,,,,,,,,,,,,,,,,,,,,,,,,,,,,,,,,,,,
rxn01127_c0,,,,,,,,,,,,,,,,,,,,,,,,,,,,,,,,,,,,,,,,
rxn12406_c0,,,,,,,,,,,,,,,,,,,,,,,,,,,,,,,,,,,,,,,,
rxn12271_c0,,,,,,,,,,,,,,,,,,,,,,,,,,,,,,,,,,,,,,,,
rxn00139_c0,,,,,,,,,,,,,,,,,,,,,,,,,,,,,,,,,,,,,,,,
rxn03904_c0,,,,,,,,,,,,,,,,,,,,,,,,,,,,,,,,,,,,,,,,
rxn00710_c0,,,,,,,,,,,,,,,,,,,,,,,,,,,,,,,,,,,,,,,,
rxn00913_c0,,,,,,,,,,,,,,,,,,,,,,,,,,,,,,,,,,,,,,,,
rxn44809_c0,,,,,,,,,,,,,,,,,,,,,,,,,,,,,,,,,,,,,,,,
rxn47831_c0,,,,,,,,,,,,,,,,,,,,,,,,,,,,,,,,,,,,,,,,
rxn12292_c0,,,,,,,,,,,,,,,,,,,,,,,,,,,,,,,,,,,,,,,,
rxn05334_c0,,,,,,,,,,,,,,,,,,,,,,,,,,,,,,,,,,,,,,,,
rxn43736_c0,,,,,,,,,,,,,,,,,,,,,,,,,,,,,,,,,,,,,,,,
rxn05326_c0,,,,,,,,,,,,,,,,,,,,,,,,,,,,,,,,,,,,,,,,
rxn00347_c0,,,,,,,,,,,,,,,,,,,,,,,,,,,,,,,,,,,,,,,,
rxn05152_c0,,,,,,,,,,,,,,,,,,,,,,,,,,,,,,,,,,,,,,,,
rxn00509_c0,,,,,,,,,,,,,,,,,,,,,,,,,,,,,,,,,,,,,,,,
rxn02312_c0,,,,,,,,,,,,,,,,,,,,,,,,,,,,,,,,,,,,,,,,
rxn48235_c0,,,,,,,,,,,,,,,,,,,,,,,,,,,,,,,,,,,,,,,,
rxn03080_c0,,,,,,,,,,,,,,,,,,,,,,,,,,,,,,,,,,,,,,,,
rxn12373_c0,,,,,,,,,,,,,,,,,,,,,,,,,,,,,,,,,,,,,,,,
rxn00950_c0,,,,,,,,,,,,,,,,,,,,,,,,,,,,,,,,,,,,,,,,
rxn03586_c0,,,,,,,,,,,,,,,,,,,,,,,,,,,,,,,,,,,,,,,,
rxn12252_c0,,,,,,,,,,,,,,,,,,,,,,,,,,,,,,,,,,,,,,,,
rxn05345_c0,,,,,,,,,,,,,,,,,,,,,,,,,,,,,,,,,,,,,,,,
rxn12251_c0,,,,,,,,,,,,,,,,,,,,,,,,,,,,,,,,,,,,,,,,
rxn00679_c0,,,,,,,,,,,,,,,,,,,,,,,,,,,,,,,,,,,,,,,,
rxn12370_c0,,,,,,,,,,,,,,,,,,,,,,,,,,,,,,,,,,,,,,,,
rxn04024_c0,,,,,,,,,,,,,,,,,,,,,,,,,,,,,,,,,,,,,,,,
rxn05183_c0,,,,,,,,,,,,,,,,,,,,,,,,,,,,,,,,,,,,,,,,
rxn02320_c0,,,,,,,,,,,,,,,,,,,,,,,,,,,,,,,,,,,,,,,,
rxn00433_c0,,,,,,,,,,,,,,,,,,,,,,,,,,,,,,,,,,,,,,,,
rxn07574_c0,,,,,,,,,,,,,,,,,,,,,,,,,,,,,,,,,,,,,,,,
rxn12282_c0,,,,,,,,,,,,,,,,,,,,,,,,,,,,,,,,,,,,,,,,
rxn00851_c0,,,,,,,,,,,,,,,,,,,,,,,,,,,,,,,,,,,,,,,,
rxn02000_c0,,,,,,,,,,,,,,,,,,,,,,,,,,,,,,,,,,,,,,,,
rxn12295_c0,,,,,,,,,,,,,,,,,,,,,,,,,,,,,,,,,,,,,,,,
rxn03422_c0,,,,,,,,,,,,,,,,,,,,,,,,,,,,,,,,,,,,,,,,
rxn12322_c0,,,,,,,,,,,,,,,,,,,,,,,,,,,,,,,,,,,,,,,,
rxn05219_c0,,,,,,,,,,,,,,,,,,,,,,,,,,,,,,,,,,,,,,,,
rxn01858_c0,,,,,,,,,,,,,,,,,,,,,,,,,,,,,,,,,,,,,,,,
rxn01219_c0,,,,,,,,,,,,,,,,,,,,,,,,,,,,,,,,,,,,,,,,
TRANS_DASH_RXN_DASH_L_DASH_ASPARTATE,,,,,,,,,,,,,,,,,,,,,,,,,,,,,,,,,,,,,,,,
rxn02508_c0,,,,,,,,,,,,,,,,,,,,,,,,,,,,,,,,,,,,,,,,
rxn01451_c0,,,,,,,,,,,,,,,,,,,,,,,,,,,,,,,,,,,,,,,,
rxn00917_c0,,,,,,,,,,,,,,,,,,,,,,,,,,,,,,,,,,,,,,,,
rxn07578_c0,,,,,,,,,,,,,,,,,,,,,,,,,,,,,,,,,,,,,,,,
rxn01293_c0,,,,,,,,,,,,,,,,,,,,,,,,,,,,,,,,,,,,,,,,
rxn02303_c0,,,,,,,,,,,,,,,,,,,,,,,,,,,,,,,,,,,,,,,,
rxn12352_c0,,,,,,,,,,,,,,,,,,,,,,,,,,,,,,,,,,,,,,,,
rxn12261_c0,,,,,,,,,,,,,,,,,,,,,,,,,,,,,,,,,,,,,,,,
rxn00330_c0,,,,,,,,,,,,,,,,,,,,,,,,,,,,,,,,,,,,,,,,
rxn00184_c0,,,,,,,,,,,,,,,,,,,,,,,,,,,,,,,,,,,,,,,,
rxn12279_c0,,,,,,,,,,,,,,,,,,,,,,,,,,,,,,,,,,,,,,,,
rxn08446_c0,,,,,,,,,,,,,,,,,,,,,,,,,,,,,,,,,,,,,,,,
rxn00175_c0,,,,,,,,,,,,,,,,,,,,,,,,,,,,,,,,,,,,,,,,
rxn26065_c0,,,,,,,,,,,,,,,,,,,,,,,,,,,,,,,,,,,,,,,,
RXN0_DASH_366,,,,,,,,,,,,,,,,,,,,,,,,,,,,,,,,,,,,,,,,
rxn12274_c0,,,,,,,,,,,,,,,,,,,,,,,,,,,,,,,,,,,,,,,,
rxn01685_c0,,,,,,,,,,,,,,,,,,,,,,,,,,,,,,,,,,,,,,,,
rxn12290_c0,,,,,,,,,,,,,,,,,,,,,,,,,,,,,,,,,,,,,,,,
rxn00925_c0,,,,,,,,,,,,,,,,,,,,,,,,,,,,,,,,,,,,,,,,
rxn06729_c0,,,,,,,,,,,,,,,,,,,,,,,,,,,,,,,,,,,,,,,,
rxn01331_c0,,,,,,,,,,,,,,,,,,,,,,,,,,,,,,,,,,,,,,,,
rxn12255_c0,,,,,,,,,,,,,,,,,,,,,,,,,,,,,,,,,,,,,,,,
rxn08854_c0,,,,,,,,,,,,,,,,,,,,,,,,,,,,,,,,,,,,,,,,
rxn00299_c0,,,,,,,,,,,,,,,,,,,,,,,,,,,,,,,,,,,,,,,,
rxn12422_c0,,,,,,,,,,,,,,,,,,,,,,,,,,,,,,,,,,,,,,,,
rxn02288_c0,,,,,,,,,,,,,,,,,,,,,,,,,,,,,,,,,,,,,,,,
rxn08995_c0,,,,,,,,,,,,,,,,,,,,,,,,,,,,,,,,,,,,,,,,
rxn02008_c0,,,,,,,,,,,,,,,,,,,,,,,,,,,,,,,,,,,,,,,,
rxn00367_c0,,,,,,,,,,,,,,,,,,,,,,,,,,,,,,,,,,,,,,,,
rxn09013_c0,,,,,,,,,,,,,,,,,,,,,,,,,,,,,,,,,,,,,,,,
rxn01351_c0,,,,,,,,,,,,,,,,,,,,,,,,,,,,,,,,,,,,,,,,
rxn05564_c0,,,,,,,,,,,,,,,,,,,,,,,,,,,,,,,,,,,,,,,,
rxn03135_c0,,,,,,,,,,,,,,,,,,,,,,,,,,,,,,,,,,,,,,,,
rxn01300_c0,,,,,,,,,,,,,,,,,,,,,,,,,,,,,,,,,,,,,,,,
rxn01997_c0,,,,,,,,,,,,,,,,,,,,,,,,,,,,,,,,,,,,,,,,
rxn03974_c0,,,,,,,,,,,,,,,,,,,,,,,,,,,,,,,,,,,,,,,,
rxn01492_c0,,,,,,,,,,,,,,,,,,,,,,,,,,,,,,,,,,,,,,,,
rxn04786_c0,,,,,,,,,,,,,,,,,,,,,,,,,,,,,,,,,,,,,,,,
rxn00029_c0,,,,,,,,,,,,,,,,,,,,,,,,,,,,,,,,,,,,,,,,
rxn01480_c0,,,,,,,,,,,,,,,,,,,,,,,,,,,,,,,,,,,,,,,,
rxn12391_c0,,,,,,,,,,,,,,,,,,,,,,,,,,,,,,,,,,,,,,,,
rxn00143_c0,,,,,,,,,,,,,,,,,,,,,,,,,,,,,,,,,,,,,,,,
rxn12359_c0,,,,,,,,,,,,,,,,,,,,,,,,,,,,,,,,,,,,,,,,
rxn20643_c0,,,,,,,,,,,,,,,,,,,,,,,,,,,,,,,,,,,,,,,,
rxn08856_c0,,,,,,,,,,,,,,,,,,,,,,,,,,,,,,,,,,,,,,,,
rxn08053_c0,,,,,,,,,,,,,,,,,,,,,,,,,,,,,,,,,,,,,,,,
rxn08975_c0,,,,,,,,,,,,,,,,,,,,,,,,,,,,,,,,,,,,,,,,
rxn00649_c0,,,,,,,,,,,,,,,,,,,,,,,,,,,,,,,,,,,,,,,,
rxn08469_c0,,,,,,,,,,,,,,,,,,,,,,,,,,,,,,,,,,,,,,,,
rxn08155_c0,,,,,,,,,,,,,,,,,,,,,,,,,,,,,,,,,,,,,,,,
rxn12228_c0,,,,,,,,,,,,,,,,,,,,,,,,,,,,,,,,,,,,,,,,
rxn03891_c0,,,,,,,,,,,,,,,,,,,,,,,,,,,,,,,,,,,,,,,,
rxn03246_c0,,,,,,,,,,,,,,,,,,,,,,,,,,,,,,,,,,,,,,,,
C14_COLON_0_DASH_3HYDROXYACP_DASH_DEHYDRATASE_DASH_RXN,,,,,,,,,,,,,,,,,,,,,,,,,,,,,,,,,,,,,,,,
rxn01739_c0,,,,,,,,,,,,,,,,,,,,,,,,,,,,,,,,,,,,,,,,
rxn12270_c0,,,,,,,,,,,,,,,,,,,,,,,,,,,,,,,,,,,,,,,,
rxn12336_c0,,,,,,,,,,,,,,,,,,,,,,,,,,,,,,,,,,,,,,,,
rxn09256_c0,,,,,,,,,,,,,,,,,,,,,,,,,,,,,,,,,,,,,,,,
rxn00601_c0,,,,,,,,,,,,,,,,,,,,,,,,,,,,,,,,,,,,,,,,
rxn01116_c0,,,,,,,,,,,,,,,,,,,,,,,,,,,,,,,,,,,,,,,,
rxn12382_c0,,,,,,,,,,,,,,,,,,,,,,,,,,,,,,,,,,,,,,,,
rxn44292_c0,,,,,,,,,,,,,,,,,,,,,,,,,,,,,,,,,,,,,,,,
rxn02004_c0,,,,,,,,,,,,,,,,,,,,,,,,,,,,,,,,,,,,,,,,
rxn12239_c0,,,,,,,,,,,,,,,,,,,,,,,,,,,,,,,,,,,,,,,,
rxn01634_c0,,,,,,,,,,,,,,,,,,,,,,,,,,,,,,,,,,,,,,,,
rxn12227_c0,,,,,,,,,,,,,,,,,,,,,,,,,,,,,,,,,,,,,,,,
rxn12438_c0,,,,,,,,,,,,,,,,,,,,,,,,,,,,,,,,,,,,,,,,
rxn12254_c0,,,,,,,,,,,,,,,,,,,,,,,,,,,,,,,,,,,,,,,,
rxn00191_c0,,,,,,,,,,,,,,,,,,,,,,,,,,,,,,,,,,,,,,,,
rxn03958_c0,,,,,,,,,,,,,,,,,,,,,,,,,,,,,,,,,,,,,,,,
rxn00962_c0,,,,,,,,,,,,,,,,,,,,,,,,,,,,,,,,,,,,,,,,
rxn01917_c0,,,,,,,,,,,,,,,,,,,,,,,,,,,,,,,,,,,,,,,,
rxn00095_c0,,,,,,,,,,,,,,,,,,,,,,,,,,,,,,,,,,,,,,,,
2_DASH_METHYLCITRATE_DASH_DEHYDRATASE_DASH_RXN,,,,,,,,,,,,,,,,,,,,,,,,,,,,,,,,,,,,,,,,
rxn00595_c0,,,,,,,,,,,,,,,,,,,,,,,,,,,,,,,,,,,,,,,,
rxn12415_c0,,,,,,,,,,,,,,,,,,,,,,,,,,,,,,,,,,,,,,,,
rxn03245_c0,,,,,,,,,,,,,,,,,,,,,,,,,,,,,,,,,,,,,,,,
rxn02155_c0,,,,,,,,,,,,,,,,,,,,,,,,,,,,,,,,,,,,,,,,
rxn00555_c0,,,,,,,,,,,,,,,,,,,,,,,,,,,,,,,,,,,,,,,,
rxn00122_c0,,,,,,,,,,,,,,,,,,,,,,,,,,,,,,,,,,,,,,,,
rxn06723_c0,,,,,,,,,,,,,,,,,,,,,,,,,,,,,,,,,,,,,,,,
rxn05329_c0,,,,,,,,,,,,,,,,,,,,,,,,,,,,,,,,,,,,,,,,
rxn00291_c0,,,,,,,,,,,,,,,,,,,,,,,,,,,,,,,,,,,,,,,,
rxn06075_c0,,,,,,,,,,,,,,,,,,,,,,,,,,,,,,,,,,,,,,,,
rxn01742_c0,,,,,,,,,,,,,,,,,,,,,,,,,,,,,,,,,,,,,,,,
rxn15021_c0,,,,,,,,,,,,,,,,,,,,,,,,,,,,,,,,,,,,,,,,
rxn06044_c0,,,,,,,,,,,,,,,,,,,,,,,,,,,,,,,,,,,,,,,,
rxn02212_c0,,,,,,,,,,,,,,,,,,,,,,,,,,,,,,,,,,,,,,,,
rxn00251_c0,,,,,,,,,,,,,,,,,,,,,,,,,,,,,,,,,,,,,,,,
rxn00166_c0,,,,,,,,,,,,,,,,,,,,,,,,,,,,,,,,,,,,,,,,
rxn08440_c0,,,,,,,,,,,,,,,,,,,,,,,,,,,,,,,,,,,,,,,,
rxn06619_c0,,,,,,,,,,,,,,,,,,,,,,,,,,,,,,,,,,,,,,,,
rxn10770_c0,,,,,,,,,,,,,,,,,,,,,,,,,,,,,,,,,,,,,,,,
rxn12498_c0,,,,,,,,,,,,,,,,,,,,,,,,,,,,,,,,,,,,,,,,
rxn01145_c0,,,,,,,,,,,,,,,,,,,,,,,,,,,,,,,,,,,,,,,,
rxn01802_c0,,,,,,,,,,,,,,,,,,,,,,,,,,,,,,,,,,,,,,,,
rxn12366_c0,,,,,,,,,,,,,,,,,,,,,,,,,,,,,,,,,,,,,,,,
rxn00423_c0,,,,,,,,,,,,,,,,,,,,,,,,,,,,,,,,,,,,,,,,
rxn12283_c0,,,,,,,,,,,,,,,,,,,,,,,,,,,,,,,,,,,,,,,,
rxn03249_c0,,,,,,,,,,,,,,,,,,,,,,,,,,,,,,,,,,,,,,,,
rxn12314_c0,,,,,,,,,,,,,,,,,,,,,,,,,,,,,,,,,,,,,,,,
rxn09295_c0,,,,,,,,,,,,,,,,,,,,,,,,,,,,,,,,,,,,,,,,
rxn01427_c0,,,,,,,,,,,,,,,,,,,,,,,,,,,,,,,,,,,,,,,,
rxn12399_c0,,,,,,,,,,,,,,,,,,,,,,,,,,,,,,,,,,,,,,,,
rxn03250_c0,,,,,,,,,,,,,,,,,,,,,,,,,,,,,,,,,,,,,,,,
rxn00328_c0,,,,,,,,,,,,,,,,,,,,,,,,,,,,,,,,,,,,,,,,
rxn03052_c0,,,,,,,,,,,,,,,,,,,,,,,,,,,,,,,,,,,,,,,,
rxn05036_c0,,,,,,,,,,,,,,,,,,,,,,,,,,,,,,,,,,,,,,,,
rxn03108_c0,,,,,,,,,,,,,,,,,,,,,,,,,,,,,,,,,,,,,,,,
rxn01303_c0,,,,,,,,,,,,,,,,,,,,,,,,,,,,,,,,,,,,,,,,
rxn02305_c0,,,,,,,,,,,,,,,,,,,,,,,,,,,,,,,,,,,,,,,,
rxn02473_c0,,,,,,,,,,,,,,,,,,,,,,,,,,,,,,,,,,,,,,,,
rxn12369_c0,,,,,,,,,,,,,,,,,,,,,,,,,,,,,,,,,,,,,,,,
rxn00438_c0,,,,,,,,,,,,,,,,,,,,,,,,,,,,,,,,,,,,,,,,
rxn12309_c0,,,,,,,,,,,,,,,,,,,,,,,,,,,,,,,,,,,,,,,,
rxn00154_c0,,,,,,,,,,,,,,,,,,,,,,,,,,,,,,,,,,,,,,,,
rxn00747_c0,,,,,,,,,,,,,,,,,,,,,,,,,,,,,,,,,,,,,,,,
rxn05736_c0,,,,,,,,,,,,,,,,,,,,,,,,,,,,,,,,,,,,,,,,
rxn00943_c0,,,,,,,,,,,,,,,,,,,,,,,,,,,,,,,,,,,,,,,,
rxn12277_c0,,,,,,,,,,,,,,,,,,,,,,,,,,,,,,,,,,,,,,,,
rxn12231_c0,,,,,,,,,,,,,,,,,,,,,,,,,,,,,,,,,,,,,,,,
rxn08094_c0,,,,,,,,,,,,,,,,,,,,,,,,,,,,,,,,,,,,,,,,
rxn00117_c0,,,,,,,,,,,,,,,,,,,,,,,,,,,,,,,,,,,,,,,,
rxn00211_c0,,,,,,,,,,,,,,,,,,,,,,,,,,,,,,,,,,,,,,,,
rxn12316_c0,,,,,,,,,,,,,,,,,,,,,,,,,,,,,,,,,,,,,,,,
rxn08581_c0,,,,,,,,,,,,,,,,,,,,,,,,,,,,,,,,,,,,,,,,
rxn12440_c0,,,,,,,,,,,,,,,,,,,,,,,,,,,,,,,,,,,,,,,,
rxn12510_c0,,,,,,,,,,,,,,,,,,,,,,,,,,,,,,,,,,,,,,,,
rxn01274_c0,,,,,,,,,,,,,,,,,,,,,,,,,,,,,,,,,,,,,,,,
rxn01643_c0,,,,,,,,,,,,,,,,,,,,,,,,,,,,,,,,,,,,,,,,
rxn03182_c0,,,,,,,,,,,,,,,,,,,,,,,,,,,,,,,,,,,,,,,,
rxn05466_c0,,,,,,,,,,,,,,,,,,,,,,,,,,,,,,,,,,,,,,,,
rxn00300_c0,,,,,,,,,,,,,,,,,,,,,,,,,,,,,,,,,,,,,,,,
ACETOOHBUTREDUCTOISOM_DASH_RXN,,,,,,,,,,,,,,,,,,,,,,,,,,,,,,,,,,,,,,,,
rxn00132_c0,,,,,,,,,,,,,,,,,,,,,,,,,,,,,,,,,,,,,,,,
rxn03897_c0,,,,,,,,,,,,,,,,,,,,,,,,,,,,,,,,,,,,,,,,
rxn04753_c0,,,,,,,,,,,,,,,,,,,,,,,,,,,,,,,,,,,,,,,,
rxn02911_c0,,,,,,,,,,,,,,,,,,,,,,,,,,,,,,,,,,,,,,,,
rxn01019_c0,,,,,,,,,,,,,,,,,,,,,,,,,,,,,,,,,,,,,,,,
rxn12460_c0,,,,,,,,,,,,,,,,,,,,,,,,,,,,,,,,,,,,,,,,
rxn01571_c0,,,,,,,,,,,,,,,,,,,,,,,,,,,,,,,,,,,,,,,,
rxn01520_c0,,,,,,,,,,,,,,,,,,,,,,,,,,,,,,,,,,,,,,,,
rxn00611_c0,,,,,,,,,,,,,,,,,,,,,,,,,,,,,,,,,,,,,,,,
rxn12253_c0,,,,,,,,,,,,,,,,,,,,,,,,,,,,,,,,,,,,,,,,
rxn01297_c0,,,,,,,,,,,,,,,,,,,,,,,,,,,,,,,,,,,,,,,,
rxn01522_c0,,,,,,,,,,,,,,,,,,,,,,,,,,,,,,,,,,,,,,,,
rxn00770_c0,,,,,,,,,,,,,,,,,,,,,,,,,,,,,,,,,,,,,,,,
rxn12215_c0,,,,,,,,,,,,,,,,,,,,,,,,,,,,,,,,,,,,,,,,
rxn12387_c0,,,,,,,,,,,,,,,,,,,,,,,,,,,,,,,,,,,,,,,,
rxn00193_c0,,,,,,,,,,,,,,,,,,,,,,,,,,,,,,,,,,,,,,,,
rxn00313_c0,,,,,,,,,,,,,,,,,,,,,,,,,,,,,,,,,,,,,,,,
rxn12286_c0,,,,,,,,,,,,,,,,,,,,,,,,,,,,,,,,,,,,,,,,
rxn05120_c0,,,,,,,,,,,,,,,,,,,,,,,,,,,,,,,,,,,,,,,,
rxn05339_c0,,,,,,,,,,,,,,,,,,,,,,,,,,,,,,,,,,,,,,,,
rxn01485_c0,,,,,,,,,,,,,,,,,,,,,,,,,,,,,,,,,,,,,,,,
NADH_DASH_DEHYDROGENASE_DASH_RXN,,,,,,,,,,,,,,,,,,,,,,,,,,,,,,,,,,,,,,,,
rxn00779_c0,,,,,,,,,,,,,,,,,,,,,,,,,,,,,,,,,,,,,,,,
rxn00615_c0,,,,,,,,,,,,,,,,,,,,,,,,,,,,,,,,,,,,,,,,
rxn02476_c0,,,,,,,,,,,,,,,,,,,,,,,,,,,,,,,,,,,,,,,,
rxn01362_c0,,,,,,,,,,,,,,,,,,,,,,,,,,,,,,,,,,,,,,,,
rxn05346_c0,,,,,,,,,,,,,,,,,,,,,,,,,,,,,,,,,,,,,,,,
rxn12275_c0,,,,,,,,,,,,,,,,,,,,,,,,,,,,,,,,,,,,,,,,
rxn12257_c0,,,,,,,,,,,,,,,,,,,,,,,,,,,,,,,,,,,,,,,,
rxn00504_c0,,,,,,,,,,,,,,,,,,,,,,,,,,,,,,,,,,,,,,,,
rxn00670_c0,,,,,,,,,,,,,,,,,,,,,,,,,,,,,,,,,,,,,,,,
rxn08213_c0,,,,,,,,,,,,,,,,,,,,,,,,,,,,,,,,,,,,,,,,
rxn03969_c0,,,,,,,,,,,,,,,,,,,,,,,,,,,,,,,,,,,,,,,,
rxn06043_c0,,,,,,,,,,,,,,,,,,,,,,,,,,,,,,,,,,,,,,,,
rxn02774_c0,,,,,,,,,,,,,,,,,,,,,,,,,,,,,,,,,,,,,,,,
GLYCEROL_DASH_3_DASH_P_DASH_ACYLTRANSFER_DASH_PL_DASH_RXN,,,,,,,,,,,,,,,,,,,,,,,,,,,,,,,,,,,,,,,,
TRANS_DASH_RXN_DASH_MAL_DASH_DAACS,,,,,,,,,,,,,,,,,,,,,,,,,,,,,,,,,,,,,,,,
rxn06433_c0,,,,,,,,,,,,,,,,,,,,,,,,,,,,,,,,,,,,,,,,
rxn05560_c0,,,,,,,,,,,,,,,,,,,,,,,,,,,,,,,,,,,,,,,,
rxn02475_c0,,,,,,,,,,,,,,,,,,,,,,,,,,,,,,,,,,,,,,,,
rxn01257_c0,,,,,,,,,,,,,,,,,,,,,,,,,,,,,,,,,,,,,,,,
rxn12272_c0,,,,,,,,,,,,,,,,,,,,,,,,,,,,,,,,,,,,,,,,
rxn12429_c0,,,,,,,,,,,,,,,,,,,,,,,,,,,,,,,,,,,,,,,,
rxn01364_c0,,,,,,,,,,,,,,,,,,,,,,,,,,,,,,,,,,,,,,,,
rxn12258_c0,,,,,,,,,,,,,,,,,,,,,,,,,,,,,,,,,,,,,,,,
rxn02503_c0,,,,,,,,,,,,,,,,,,,,,,,,,,,,,,,,,,,,,,,,
rxn12445_c0,,,,,,,,,,,,,,,,,,,,,,,,,,,,,,,,,,,,,,,,
rxn12278_c0,,,,,,,,,,,,,,,,,,,,,,,,,,,,,,,,,,,,,,,,
rxn01101_c0,,,,,,,,,,,,,,,,,,,,,,,,,,,,,,,,,,,,,,,,
rxn03970_c0,,,,,,,,,,,,,,,,,,,,,,,,,,,,,,,,,,,,,,,,
rxn00589_c0,,,,,,,,,,,,,,,,,,,,,,,,,,,,,,,,,,,,,,,,
rxn00301_c0,,,,,,,,,,,,,,,,,,,,,,,,,,,,,,,,,,,,,,,,
rxn01477_c0,,,,,,,,,,,,,,,,,,,,,,,,,,,,,,,,,,,,,,,,
rxn01519_c0,,,,,,,,,,,,,,,,,,,,,,,,,,,,,,,,,,,,,,,,
DgoA,29.1086147828852,28.9605108495613,28.8122998253586,28.8387139529214,28.5580898654944,28.253463474226,28.6239178494083,28.0550587382075,28.5126860755617,28.2360745998046,20.1683235840684,20.2818691825244,19.07284478503,17.8597528209692,20.4601518134173,31.908854795957,32.1883470664991,32.1454274413114,32.2846581536568,32.3261785489541,20.1219236264223,21.3133602273014,20.610702240226,20.9443484084288,20.2542722946333,19.7183462416076,18.8416659929759,19.1857578658138,19.073303684818,18.3911192004839,18.7670970747362,22.0413929279428,21.5419285763826,19.8771752055505,21.0491248627665,19.2087709545199,19.6344445463898,19.2564290780616,19.8951669038665,21.3371981145179
